timestamp,ctrlState,flyState,a_x,a_y,a_z,g_x,g_y,g_z,front_back_deg,left_right_deg,clockwise_deg
depth,1550027153.141848,44
depth,1550027153.151799,44
depth,1550027153.161961,44
depth,1550027153.178918,43
depth,1550027153.182661,43
depth,1550027153.191764,43
depth,1550027153.201835,43
depth,1550027153.211967,43
depth,1550027153.228904,42
depth,1550027153.233073,42
depth,1550027153.241815,42
depth,1550027153.252471,41
depth,1550027153.261995,41
depth,1550027153.278893,41
depth,1550027153.282643,40
depth,1550027153.291761,40
depth,1550027153.302339,40
depth,1550027153.311986,39
depth,1550027153.328864,39
depth,1550027153.332643,38
depth,1550027153.341873,38
depth,1550027153.352325,37
depth,1550027153.361937,37
depth,1550027153.378912,36
depth,1550027153.382647,36
depth,1550027153.391794,35
depth,1550027153.402308,34
depth,1550027153.411961,34
depth,1550027153.428907,33
depth,1550027153.432675,33
depth,1550027153.441792,32
depth,1550027153.452444,32
depth,1550027153.461953,31
depth,1550027153.478923,30
depth,1550027153.482678,30
depth,1550027153.491761,30
depth,1550027153.502396,30
depth,1550027153.511973,30
depth,1550027153.528896,30
depth,1550027153.532721,30
depth,1550027153.541796,30
depth,1550027153.552073,30
depth,1550027153.561991,30
depth,1550027153.578882,30
depth,1550027153.582699,30
depth,1550027153.591788,30
depth,1550027153.602296,30
depth,1550027153.612002,30
depth,1550027153.628918,30
depth,1550027153.632981,30
depth,1550027153.641786,30
depth,1550027153.652199,30
depth,1550027153.661976,30
depth,1550027153.678918,30
depth,1550027153.683141,30
depth,1550027153.691784,30
depth,1550027153.70197,30
depth,1550027153.711958,30
depth,1550027153.729213,30
depth,1550027153.733282,30
depth,1550027153.741817,30
depth,1550027153.751836,30
depth,1550027153.761951,30
depth,1550027153.778921,30
depth,1550027153.783419,30
depth,1550027153.791767,30
depth,1550027153.801766,30
depth,1550027153.811957,30
depth,1550027153.828937,30
depth,1550027153.832658,30
depth,1550027153.841798,30
depth,1550027153.852142,30
depth,1550027153.861949,30
depth,1550027153.878952,30
depth,1550027153.882647,30
depth,1550027153.891815,30
depth,1550027153.902077,30
depth,1550027153.912007,30
depth,1550027153.928884,30
depth,1550027153.932671,30
1892382.385,CTRL_LANDED,FLYING_OK,58.39573287963867,27.573617935180664,-974.879150390625,-9.145949363708496,-1.7445647716522217,-2.8580944538116455,3.416,-0.354,159.522
depth,1550027153.948603,30
depth,1550027153.952948,30
depth,1550027153.961952,30
depth,1550027153.978851,30
depth,1550027153.983342,30
depth,1550027153.991787,30
depth,1550027154.001765,30
depth,1550027154.011977,30
depth,1550027154.028866,30
depth,1550027154.03266,30
depth,1550027154.041791,30
1892482.208,CTRL_LANDED,FLYING_OK,128.77857971191406,11.714761734008789,-1011.5194702148438,-3.048768997192383,-15.842547416687012,-0.5979958772659302,2.874,-0.623,159.316
depth,1550027154.052111,30
depth,1550027154.061975,30
depth,1550027154.078918,30
depth,1550027154.082735,30
depth,1550027154.091797,30
depth,1550027154.102346,30
depth,1550027154.111982,30
depth,1550027154.128872,30
depth,1550027154.132702,30
depth,1550027154.141801,31
1892581.97,CTRL_LANDED,FLYING_OK,54.40031814575195,33.42169952392578,-968.1573486328125,-5.079337120056152,-3.4760963916778564,1.6895666122436523,1.984,-0.741,159.337
depth,1550027154.152122,32
depth,1550027154.161976,32
depth,1550027154.178902,33
depth,1550027154.183506,34
depth,1550027154.191798,35
depth,1550027154.2018,35
depth,1550027154.211939,36
depth,1550027154.228884,37
depth,1550027154.233113,37
depth,1550027154.24197,38
1892681.976,CTRL_LANDED,FLYING_OK,95.0589599609375,27.649578094482422,-944.9327392578125,-4.344357967376709,4.979674339294434,-1.5238271951675415,2.09,-1.347,159.358
depth,1550027154.251876,38
depth,1550027154.261942,39
depth,1550027154.278874,40
depth,1550027154.283505,40
depth,1550027154.291745,41
depth,1550027154.301781,41
depth,1550027154.311958,42
depth,1550027154.328876,42
depth,1550027154.333342,43
depth,1550027154.341799,43
1892781.799,CTRL_LANDED,FLYING_OK,59.93257522583008,-2.7010040283203125,-979.66796875,-0.6878982186317444,8.314101219177246,-5.535815238952637,2.984,-1.545,159.083
depth,1550027154.351799,43
depth,1550027154.361973,44
depth,1550027154.378871,44
depth,1550027154.382734,44
depth,1550027154.39209,45
depth,1550027154.401771,45
depth,1550027154.411946,45
depth,1550027154.428881,46
depth,1550027154.433097,46
depth,1550027154.441782,47
depth,1550027154.455822,48
depth,1550027154.462048,48
depth,1550027154.479025,49
depth,1550027154.483358,49
depth,1550027154.496033,50
depth,1550027154.501923,50
depth,1550027154.511988,50
depth,1550027154.528882,51
depth,1550027154.532661,52
depth,1550027154.541756,52
depth,1550027154.552378,53
depth,1550027154.561918,53
depth,1550027154.578884,54
depth,1550027154.582756,54
depth,1550027154.591767,55
depth,1550027154.602327,55
depth,1550027154.612007,56
depth,1550027154.62885,56
depth,1550027154.63286,57
depth,1550027154.641735,58
depth,1550027154.65204,58
depth,1550027154.661937,59
depth,1550027154.678913,59
depth,1550027154.682837,60
depth,1550027154.691992,60
depth,1550027154.701783,61
depth,1550027154.711984,61
depth,1550027154.729535,62
depth,1550027154.733331,62
depth,1550027154.74254,63
depth,1550027154.751805,64
depth,1550027154.761955,64
depth,1550027154.778892,65
depth,1550027154.783154,65
depth,1550027154.791762,66
depth,1550027154.802817,66
depth,1550027154.811956,67
depth,1550027154.82887,67
depth,1550027154.832726,67
depth,1550027154.841825,67
depth,1550027154.852423,68
depth,1550027154.861937,68
depth,1550027154.878879,69
depth,1550027154.883216,69
depth,1550027154.891933,70
depth,1550027154.901797,70
depth,1550027154.911952,70
depth,1550027154.928876,71
depth,1550027154.933025,71
depth,1550027154.945654,72
1893385.742,CTRL_LANDED,FLYING_OK,98.26155090332031,36.19163131713867,-993.9468994140625,-3.428762912750244,-8.658413887023926,2.0644350051879883,1.927,-0.876,160.387
depth,1550027154.951936,72
depth,1550027154.961934,73
depth,1550027154.978851,73
depth,1550027154.982771,74
depth,1550027154.991911,74
depth,1550027155.001984,75
depth,1550027155.011934,75
depth,1550027155.028902,76
depth,1550027155.033007,76
depth,1550027155.041961,77
1893485.565,CTRL_LANDED,FLYING_OK,86.46649932861328,48.37238311767578,-964.9303588867188,3.051417350769043,-1.9532911777496338,-0.8288468718528748,1.794,-0.732,160.41
depth,1550027155.051794,77
depth,1550027155.061934,78
depth,1550027155.078914,78
depth,1550027155.083461,79
depth,1550027155.091966,79
depth,1550027155.101988,80
depth,1550027155.111939,80
depth,1550027155.128859,81
depth,1550027155.133298,81
depth,1550027155.141784,82
1893585.266,CTRL_LANDED,FLYING_OK,72.65990447998047,49.983123779296875,-945.3203735351562,4.226698398590088,3.270841360092163,-3.106494665145874,2.007,-0.534,160.222
depth,1550027155.151813,82
depth,1550027155.161949,82
depth,1550027155.178896,83
depth,1550027155.18344,83
depth,1550027155.191965,84
depth,1550027155.20196,84
depth,1550027155.211924,85
depth,1550027155.228922,85
depth,1550027155.2331,86
depth,1550027155.241803,86
1893685.272,CTRL_LANDED,FLYING_OK,38.85065841674805,29.52030372619629,-954.6962280273438,-4.366119861602783,5.772864818572998,-9.712276458740234,2.438,-0.684,159.654
depth,1550027155.25179,87
depth,1550027155.261908,87
depth,1550027155.278835,88
depth,1550027155.282815,88
depth,1550027155.291879,89
depth,1550027155.301903,90
depth,1550027155.311898,90
depth,1550027155.328914,91
depth,1550027155.33301,91
depth,1550027155.341764,92
1893785.003,CTRL_LANDED,FLYING_OK,34.62187576293945,35.76689910888672,-962.4368896484375,-4.218384742736816,3.728909492492676,-12.437105178833008,2.93,-1.205,158.376
depth,1550027155.351749,93
depth,1550027155.361972,93
depth,1550027155.378995,94
depth,1550027155.382839,94
depth,1550027155.392056,95
depth,1550027155.401845,95
depth,1550027155.411998,96
depth,1550027155.428957,96
depth,1550027155.433099,97
depth,1550027155.441856,97
1893884.918,CTRL_LANDED,FLYING_OK,41.52489471435547,35.44600296020508,-940.5170288085938,1.2639870643615723,-2.3249306678771973,-1.1806272268295288,2.674,-1.425,157.75
depth,1550027155.451808,98
depth,1550027155.462008,98
depth,1550027155.47896,99
depth,1550027155.482905,99
depth,1550027155.492004,100
depth,1550027155.502031,100
depth,1550027155.511995,101
depth,1550027155.528955,101
depth,1550027155.53345,102
depth,1550027155.541819,102
1893984.619,CTRL_LANDED,FLYING_OK,148.03196716308594,51.611732482910156,-985.0639038085938,-2.1375396251678467,-2.7360687255859375,-2.6925878524780273,2.097,-1.496,157.703
depth,1550027155.551932,103
depth,1550027155.56194,104
depth,1550027155.571991,105
depth,1550027155.582079,106
depth,1550027155.592182,106
depth,1550027155.602079,107
depth,1550027155.611974,108
depth,1550027155.622003,109
depth,1550027155.632192,109
depth,1550027155.642062,110
1894084.808,CTRL_LANDED,FLYING_OK,117.95352172851562,9.718276977539062,-999.929443359375,-3.8172812461853027,-2.2415101528167725,-1.9619419574737549,1.964,-1.901,157.59
depth,1550027155.652305,111
depth,1550027155.66199,111
depth,1550027155.67219,112
depth,1550027155.682156,113
depth,1550027155.691963,113
depth,1550027155.70197,114
depth,1550027155.711965,114
depth,1550027155.722101,115
depth,1550027155.734045,116
depth,1550027155.742052,116
depth,1550027155.7522,117
depth,1550027155.761978,117
depth,1550027155.771972,118
depth,1550027155.782017,118
depth,1550027155.791999,119
depth,1550027155.802957,119
depth,1550027155.811968,120
depth,1550027155.821986,120
depth,1550027155.832064,121
depth,1550027155.841969,121
1894284.179,CTRL_LANDED,FLYING_OK,60.992698669433594,-15.660615921020508,-928.2650756835938,3.9421606063842773,10.48684024810791,-4.638571262359619,2.951,-2.125,156.558
depth,1550027155.85245,122
depth,1550027155.861961,122
depth,1550027155.871994,122
depth,1550027155.881995,123
depth,1550027155.891938,123
depth,1550027155.90268,124
depth,1550027155.911952,124
depth,1550027155.921997,125
depth,1550027155.932019,125
depth,1550027155.941987,126
1894389.129,CTRL_LANDED,FLYING_OK,73.90081024169922,34.85188674926758,-942.874267578125,4.046673774719238,1.9792932271957397,-0.9991721510887146,3.703,-1.623,156.263
depth,1550027155.956377,127
depth,1550027155.963707,127
depth,1550027155.972101,128
depth,1550027155.982066,128
depth,1550027155.992128,129
depth,1550027156.001951,129
depth,1550027156.011977,130
depth,1550027156.022146,131
depth,1550027156.032152,131
depth,1550027156.042066,132
depth,1550027156.052373,132
1894488.708,CTRL_LANDED,FLYING_OK,39.13321304321289,-7.56815767288208,-922.250244140625,4.2548933029174805,5.371536731719971,4.672967910766602,3.897,-0.893,156.436
depth,1550027156.061834,133
depth,1550027156.072329,133
depth,1550027156.081979,134
depth,1550027156.091972,134
depth,1550027156.102741,135
depth,1550027156.111992,135
depth,1550027156.12198,136
depth,1550027156.132141,136
depth,1550027156.141965,137
depth,1550027156.152265,138
1894588.836,CTRL_LANDED,FLYING_OK,39.978572845458984,35.96050262451172,-959.3848876953125,10.342220306396484,-3.998655319213867,5.541592121124268,3.701,-0.237,156.985
depth,1550027156.161989,138
depth,1550027156.171948,139
depth,1550027156.181985,139
depth,1550027156.191949,140
depth,1550027156.202325,140
depth,1550027156.211964,141
depth,1550027156.221999,142
depth,1550027156.232009,142
depth,1550027156.24201,143
depth,1550027156.25222,143
1894688.537,CTRL_LANDED,FLYING_OK,70.9749984741211,28.912904739379883,-1008.8677368164062,-2.5067708492279053,-4.444421291351318,9.11263656616211,3.491,0.306,157.781
depth,1550027156.261975,144
depth,1550027156.27198,145
depth,1550027156.282474,145
depth,1550027156.292102,146
depth,1550027156.30213,147
depth,1550027156.311963,147
depth,1550027156.322028,148
depth,1550027156.331965,149
depth,1550027156.341984,149
depth,1550027156.352452,150
1894793.426,CTRL_LANDED,FLYING_OK,107.29818725585938,60.45825958251953,-1021.5479125976562,2.127260208129883,-17.83995246887207,6.238274574279785,2.507,-0.022,158.51
depth,1550027156.363578,151
depth,1550027156.372856,151
depth,1550027156.38333,152
depth,1550027156.39255,153
depth,1550027156.403455,154
depth,1550027156.412806,154
depth,1550027156.425194,155
depth,1550027156.432546,155
depth,1550027156.442632,156
depth,1550027156.45319,156
1894888.153,CTRL_LANDED,FLYING_OK,122.5840835571289,60.05875778198242,-967.2725830078125,1.9132159948349,-10.878393173217773,5.28110933303833,1.157,0.05,158.951
depth,1550027156.462248,157
depth,1550027156.472223,157
depth,1550027156.482045,158
depth,1550027156.492001,159
depth,1550027156.502504,159
depth,1550027156.511987,160
depth,1550027156.522039,161
depth,1550027156.532084,161
depth,1550027156.541972,162
depth,1550027156.552252,162
1894992.98,CTRL_LANDED,FLYING_OK,89.33910369873047,34.54176330566406,-947.6480712890625,-4.8929948806762695,-0.4413042962551117,2.546161413192749,0.852,-0.843,159.499
depth,1550027156.561986,163
depth,1550027156.572192,163
depth,1550027156.582061,163
depth,1550027156.592055,164
depth,1550027156.603059,164
depth,1550027156.612767,165
depth,1550027156.62205,165
depth,1550027156.632146,166
depth,1550027156.642056,167
depth,1550027156.652384,167
1895092.773,CTRL_LANDED,FLYING_OK,86.014892578125,33.341949462890625,-968.4164428710938,2.339155435562134,2.6832211017608643,4.350307941436768,1.06,-0.812,159.743
depth,1550027156.662647,168
depth,1550027156.672003,169
depth,1550027156.6821,169
depth,1550027156.692573,169
depth,1550027156.702052,170
depth,1550027156.711989,170
depth,1550027156.722252,171
depth,1550027156.735262,171
depth,1550027156.742,172
depth,1550027156.752247,172
1895192.687,CTRL_LANDED,FLYING_OK,29.52709197998047,44.940086364746094,-964.9205932617188,-4.987324237823486,4.081653118133545,-6.086369514465332,1.482,-0.977,159.689
depth,1550027156.761988,173
depth,1550027156.772244,173
depth,1550027156.781981,174
depth,1550027156.791974,174
depth,1550027156.801986,175
depth,1550027156.811985,175
depth,1550027156.822494,176
depth,1550027156.832625,176
depth,1550027156.84206,177
depth,1550027156.852912,177
1895287.597,CTRL_LANDED,FLYING_OK,36.78936004638672,21.630268096923828,-935.0704956054688,-9.737425804138184,4.095247268676758,-12.449897766113281,1.821,-1.507,158.601
depth,1550027156.861993,178
depth,1550027156.872294,178
depth,1550027156.891934,179
depth,1550027156.895513,180
depth,1550027156.902667,180
depth,1550027156.911985,181
depth,1550027156.922214,181
depth,1550027156.932062,182
depth,1550027156.941954,182
depth,1550027156.952101,183
1895392.669,CTRL_LANDED,FLYING_OK,-1.911111831665039,48.01011657714844,-939.3121948242188,-1.2565089464187622,1.4264189004898071,-9.857690811157227,1.893,-2.138,157.408
depth,1550027156.961952,183
depth,1550027156.971981,184
depth,1550027156.981986,184
depth,1550027156.991981,185
depth,1550027157.001979,185
depth,1550027157.011966,186
depth,1550027157.021969,187
depth,1550027157.031974,187
depth,1550027157.041886,188
depth,1550027157.052029,189
1895492.279,CTRL_LANDED,FLYING_OK,57.38872528076172,34.62014389038086,-978.195068359375,4.634206771850586,-6.737570285797119,-9.808305740356445,1.174,-1.854,156.636
depth,1550027157.062022,189
depth,1550027157.071977,190
depth,1550027157.081967,190
depth,1550027157.092135,191
depth,1550027157.102027,191
depth,1550027157.112051,192
depth,1550027157.122026,193
depth,1550027157.132127,193
depth,1550027157.14231,194
depth,1550027157.15223,195
1895597.015,CTRL_LANDED,FLYING_OK,45.95169448852539,30.878328323364258,-1031.5225830078125,-2.019132614135742,-8.340627670288086,-2.7776997089385986,0.386,-2.165,156.068
depth,1550027157.162515,195
depth,1550027157.172917,196
depth,1550027157.182605,197
depth,1550027157.19259,197
depth,1550027157.203476,198
depth,1550027157.212625,198
depth,1550027157.222577,199
depth,1550027157.232717,199
depth,1550027157.242691,199
depth,1550027157.253199,200
1895696.716,CTRL_LANDED,FLYING_OK,59.243865966796875,-3.8588900566101074,-942.885009765625,-6.242123126983643,9.933147430419922,-6.333395481109619,0.808,-2.36,155.534
depth,1550027157.262709,200
depth,1550027157.27257,201
depth,1550027157.282712,201
depth,1550027157.292608,201
depth,1550027157.304383,202
depth,1550027157.313,202
depth,1550027157.322568,203
depth,1550027157.332711,203
depth,1550027157.342592,204
depth,1550027157.352832,204
1895796.6,CTRL_LANDED,FLYING_OK,81.75788879394531,34.425968170166016,-970.4376220703125,3.9315176010131836,-2.8610680103302,-0.21800342202186584,1.321,-2.538,155.243
depth,1550027157.362925,205
depth,1550027157.372005,205
depth,1550027157.382,206
depth,1550027157.392025,206
depth,1550027157.401976,207
depth,1550027157.411978,207
depth,1550027157.421981,208
depth,1550027157.43198,208
depth,1550027157.442074,209
depth,1550027157.456307,209
1895896.331,CTRL_LANDED,FLYING_OK,67.70311737060547,27.576215744018555,-939.6123657226562,4.242241382598877,-1.5958247184753418,6.760453224182129,1.215,-1.683,155.625
depth,1550027157.464449,210
depth,1550027157.472101,210
depth,1550027157.48201,211
depth,1550027157.49203,211
depth,1550027157.503498,212
depth,1550027157.511981,212
depth,1550027157.521982,213
depth,1550027157.532116,213
depth,1550027157.541972,214
depth,1550027157.552213,214
1895996.154,CTRL_LANDED,FLYING_OK,25.176559448242188,30.778644561767578,-946.9087524414062,3.3605880737304688,2.9413373470306396,6.343944549560547,1.258,-1.265,156.492
depth,1550027157.562003,215
depth,1550027157.571985,215
depth,1550027157.582008,216
depth,1550027157.592001,216
depth,1550027157.602413,217
depth,1550027157.612196,217
depth,1550027157.621967,217
depth,1550027157.632086,218
depth,1550027157.641955,218
depth,1550027157.652164,219
1896101.074,CTRL_LANDED,FLYING_OK,-28.1042537689209,0.28866875171661377,-951.0667114257812,-3.023092031478882,10.062612533569336,0.08970386534929276,1.863,-1.475,156.723
depth,1550027157.661991,219
depth,1550027157.671951,220
depth,1550027157.681984,220
depth,1550027157.692009,221
depth,1550027157.702007,221
depth,1550027157.711979,222
depth,1550027157.722002,222
depth,1550027157.733876,223
depth,1550027157.741981,223
depth,1550027157.752438,224
1896200.866,CTRL_LANDED,FLYING_OK,39.3180046081543,29.968017578125,-1020.8607177734375,-4.115761756896973,-5.718482971191406,5.435269832611084,2.136,-2.015,157.1
depth,1550027157.761979,225
depth,1550027157.772183,225
depth,1550027157.782003,226
depth,1550027157.792018,226
depth,1550027157.801968,227
depth,1550027157.81199,227
depth,1550027157.822442,228
depth,1550027157.831991,228
depth,1550027157.842314,229
depth,1550027157.852633,229
1896300.628,CTRL_LANDED,FLYING_OK,15.498832702636719,106.99625396728516,-954.2098999023438,6.150693893432617,-8.947885513305664,-0.6302335262298584,0.91,-1.31,157.248
depth,1550027157.861989,230
depth,1550027157.872248,231
depth,1550027157.882003,231
depth,1550027157.89202,232
depth,1550027157.902509,233
depth,1550027157.911976,233
depth,1550027157.921968,234
depth,1550027157.932059,234
depth,1550027157.942006,235
depth,1550027157.952493,236
1896400.512,CTRL_LANDED,FLYING_OK,44.95369338989258,108.77252960205078,-1008.5673217773438,-2.6320652961730957,-3.1611576080322266,7.7206854820251465,0.005,-1.866,157.834
depth,1550027157.962002,236
depth,1550027157.971971,237
depth,1550027157.981993,237
depth,1550027157.991991,238
depth,1550027158.003019,239
depth,1550027158.011978,239
depth,1550027158.022009,240
depth,1550027158.032065,240
depth,1550027158.042031,241
depth,1550027158.052464,242
1896500.427,CTRL_LANDED,FLYING_OK,32.57521438598633,38.88052749633789,-993.9750366210938,4.289536952972412,5.766273021697998,0.8990321755409241,0.284,-1.778,158.311
depth,1550027158.061965,242
depth,1550027158.072302,243
depth,1550027158.082629,244
depth,1550027158.092567,244
depth,1550027158.103119,245
depth,1550027158.112585,245
depth,1550027158.122579,246
depth,1550027158.132701,246
depth,1550027158.142574,247
depth,1550027158.152807,248
1896600.372,CTRL_LANDED,FLYING_OK,66.02397155761719,49.58200454711914,-967.446044921875,3.2815325260162354,10.228347778320312,10.49686050415039,1.323,-1.488,158.658
depth,1550027158.162548,248
depth,1550027158.172707,249
depth,1550027158.182586,249
depth,1550027158.192583,250
depth,1550027158.202632,250
depth,1550027158.212558,251
depth,1550027158.22294,251
depth,1550027158.232587,252
depth,1550027158.242551,253
depth,1550027158.253041,253
1896700.134,CTRL_LANDED,FLYING_OK,16.571269989013672,52.19169616699219,-982.75244140625,0.8539370894432068,7.922341823577881,10.325361251831055,2.448,-1.017,159.941
depth,1550027158.262544,254
depth,1550027158.272933,255
depth,1550027158.282587,255
depth,1550027158.29254,256
depth,1550027158.30255,256
depth,1550027158.312578,257
depth,1550027158.323252,258
depth,1550027158.332586,259
depth,1550027158.342564,259
depth,1550027158.353117,260
depth,1550027158.362566,261
1896800.048,CTRL_LANDED,FLYING_OK,70.68017578125,44.28064727783203,-951.927734375,-9.695947647094727,4.011306285858154,-5.578779220581055,3.211,-1.424,159.974
depth,1550027158.372949,261
depth,1550027158.382602,262
depth,1550027158.392564,263
depth,1550027158.40278,263
depth,1550027158.412594,264
depth,1550027158.42261,265
depth,1550027158.432717,265
depth,1550027158.442973,266
depth,1550027158.452805,267
depth,1550027158.462577,267
1896899.688,CTRL_LANDED,FLYING_OK,8.96190357208252,-26.147781372070312,-947.3734741210938,-9.08542537689209,1.087794303894043,-4.013935089111328,3.39,-2.601,159.348
depth,1550027158.472906,268
depth,1550027158.482006,269
depth,1550027158.492219,269
depth,1550027158.502023,270
depth,1550027158.511966,271
depth,1550027158.522616,272
depth,1550027158.532014,273
depth,1550027158.541963,273
depth,1550027158.55278,274
depth,1550027158.561958,275
1896999.481,CTRL_LANDED,FLYING_OK,109.41310119628906,38.02302932739258,-1016.74072265625,1.0730233192443848,-10.998104095458984,-4.037664890289307,2.604,-2.851,159.034
depth,1550027158.572105,276
depth,1550027158.582011,277
depth,1550027158.592862,278
depth,1550027158.604275,279
depth,1550027158.612856,279
depth,1550027158.622851,280
depth,1550027158.632957,281
depth,1550027158.642865,282
depth,1550027158.653348,283
depth,1550027158.662843,283
1897099.365,CTRL_LANDED,FLYING_OK,77.40946197509766,48.150150299072266,-989.3012084960938,-2.8808138370513916,-3.3753223419189453,-1.855139136314392,2.533,-2.944,158.407
depth,1550027158.672855,284
depth,1550027158.682855,285
depth,1550027158.692865,285
depth,1550027158.70287,286
depth,1550027158.712865,287
depth,1550027158.72289,288
depth,1550027158.735293,288
depth,1550027158.742891,289
depth,1550027158.752991,290
depth,1550027158.762894,290
depth,1550027158.772872,291
depth,1550027158.782855,292
depth,1550027158.792876,293
depth,1550027158.802869,294
depth,1550027158.812869,295
depth,1550027158.822863,296
depth,1550027158.832862,297
depth,1550027158.842892,297
depth,1550027158.853074,298
depth,1550027158.86286,299
1897304.138,CTRL_LANDED,FLYING_OK,45.89896774291992,-4.434622764587402,-919.7367553710938,4.012465000152588,0.66435307264328,-4.114227771759033,2.433,-2.105,158.135
depth,1550027158.873158,300
depth,1550027158.882841,301
depth,1550027158.892877,301
depth,1550027158.902854,302
depth,1550027158.912851,303
depth,1550027158.923319,304
depth,1550027158.932895,304
depth,1550027158.942871,305
depth,1550027158.958259,305
1897403.717,CTRL_LANDED,FLYING_OK,31.142305374145508,29.862483978271484,-950.061767578125,6.3887763023376465,6.932944297790527,0.013826864771544933,2.989,-1.784,157.813
depth,1550027158.967258,306
depth,1550027158.97311,307
depth,1550027158.982918,307
depth,1550027158.992886,308
depth,1550027159.003276,309
depth,1550027159.012863,309
depth,1550027159.02288,310
depth,1550027159.032936,310
depth,1550027159.043244,311
depth,1550027159.053138,311
depth,1550027159.062858,312
depth,1550027159.072893,313
depth,1550027159.082855,313
depth,1550027159.092878,314
depth,1550027159.102923,314
depth,1550027159.11285,315
depth,1550027159.123423,316
depth,1550027159.132846,317
depth,1550027159.142902,317
depth,1550027159.153263,318
depth,1550027159.162838,319
1897603.454,CTRL_LANDED,FLYING_OK,53.90338134765625,22.658353805541992,-969.1889038085938,6.499214172363281,0.8644810318946838,15.400540351867676,2.97,-0.372,159.899
depth,1550027159.173108,319
depth,1550027159.183499,320
depth,1550027159.193426,320
depth,1550027159.204191,321
depth,1550027159.213436,322
depth,1550027159.223438,322
depth,1550027159.233475,323
depth,1550027159.243446,324
depth,1550027159.253723,324
depth,1550027159.263462,325
1897703.521,CTRL_LANDED,FLYING_OK,117.8480224609375,40.46129608154297,-1029.938720703125,8.873870849609375,-20.641199111938477,9.494161605834961,2.289,0.092,160.855
depth,1550027159.27344,326
depth,1550027159.28355,326
depth,1550027159.29343,327
depth,1550027159.303509,328
depth,1550027159.313456,328
depth,1550027159.323823,329
depth,1550027159.333444,330
depth,1550027159.343451,330
depth,1550027159.353858,331
depth,1550027159.363426,332
1897803.039,CTRL_LANDED,FLYING_OK,56.7910270690918,16.329858779907227,-978.3405151367188,-1.3528380393981934,-2.029971122741699,8.099067687988281,1.611,0.396,161.441
depth,1550027159.374785,332
depth,1550027159.384811,333
depth,1550027159.392906,333
depth,1550027159.40353,334
depth,1550027159.412864,335
depth,1550027159.422872,335
depth,1550027159.432983,336
depth,1550027159.442904,336
depth,1550027159.45338,337
depth,1550027159.462869,338
1897903.259,CTRL_LANDED,FLYING_OK,122.96110534667969,12.169075012207031,-946.5919189453125,-4.975930213928223,8.792096138000488,-4.0564799308776855,2.288,0.33,161.566
depth,1550027159.47284,338
depth,1550027159.482858,338
depth,1550027159.492882,339
depth,1550027159.502887,339
depth,1550027159.51287,340
depth,1550027159.522897,340
depth,1550027159.532884,341
depth,1550027159.542871,341
depth,1550027159.553012,342
depth,1550027159.562901,342
1898002.899,CTRL_LANDED,FLYING_OK,110.27471160888672,12.734703063964844,-945.5408325195312,6.276617050170898,4.689655303955078,-10.300293922424316,3.034,0.245,160.814
depth,1550027159.572911,343
depth,1550027159.582832,343
depth,1550027159.592878,344
depth,1550027159.602824,344
depth,1550027159.612853,345
depth,1550027159.622992,346
depth,1550027159.632926,346
depth,1550027159.6432,347
depth,1550027159.65334,347
depth,1550027159.662852,348
1898102.935,CTRL_LANDED,FLYING_OK,38.755638122558594,-1.2169777154922485,-972.8169555664062,-0.812698245048523,-1.1031259298324585,-23.44692039489746,3.203,0.549,159.332
depth,1550027159.673145,348
depth,1550027159.68282,349
depth,1550027159.69307,349
depth,1550027159.702826,350
depth,1550027159.712825,350
depth,1550027159.723423,351
depth,1550027159.734479,351
depth,1550027159.742902,352
depth,1550027159.753551,352
depth,1550027159.762844,353
1898202.606,CTRL_LANDED,FLYING_OK,34.364501953125,8.6874361038208,-1014.728759765625,-14.23780632019043,0.8461081385612488,-31.575801849365234,3.434,-0.159,156.531
depth,1550027159.773211,354
depth,1550027159.782894,354
depth,1550027159.792854,355
depth,1550027159.80331,356
depth,1550027159.812849,356
depth,1550027159.82286,357
depth,1550027159.83297,358
depth,1550027159.842876,358
depth,1550027159.853204,359
depth,1550027159.862867,360
depth,1550027159.87285,360
depth,1550027159.882858,361
depth,1550027159.892845,362
depth,1550027159.902859,362
depth,1550027159.912837,363
depth,1550027159.923332,363
depth,1550027159.932821,364
depth,1550027159.942851,365
depth,1550027159.953534,365
depth,1550027159.962849,366
depth,1550027159.973048,367
depth,1550027159.982842,368
depth,1550027159.992872,368
depth,1550027160.002861,369
depth,1550027160.012842,369
depth,1550027160.023393,370
depth,1550027160.032861,370
depth,1550027160.042909,371
depth,1550027160.053548,372
depth,1550027160.062847,372
depth,1550027160.072953,373
depth,1550027160.082903,373
depth,1550027160.093495,373
depth,1550027160.104271,374
depth,1550027160.113407,374
depth,1550027160.12342,374
depth,1550027160.133504,375
depth,1550027160.143473,375
depth,1550027160.153833,376
depth,1550027160.163403,376
1898606.75,CTRL_LANDED,FLYING_OK,39.70636749267578,47.482398986816406,-953.6823120117188,2.717013359069824,2.7754087448120117,13.005732536315918,2.695,-1.92,153.544
depth,1550027160.173435,377
depth,1550027160.183441,377
depth,1550027160.193521,377
depth,1550027160.203469,378
depth,1550027160.213414,378
depth,1550027160.224022,378
depth,1550027160.233408,379
depth,1550027160.243887,379
depth,1550027160.254082,380
depth,1550027160.263431,380
1898706.634,CTRL_LANDED,FLYING_OK,10.181222915649414,-2.314079761505127,-982.506103515625,-9.676328659057617,3.108330011367798,10.173867225646973,3.236,-1.908,154.672
depth,1550027160.273534,381
depth,1550027160.283451,381
depth,1550027160.293675,382
depth,1550027160.303552,382
depth,1550027160.312816,383
depth,1550027160.322859,383
depth,1550027160.332852,384
depth,1550027160.342888,385
depth,1550027160.353158,385
depth,1550027160.362839,386
1898806.335,CTRL_LANDED,FLYING_OK,47.57337188720703,50.503265380859375,-958.1544189453125,2.27254319190979,-1.7618337869644165,11.90727424621582,3.012,-2.433,155.636
depth,1550027160.372825,386
depth,1550027160.382887,387
depth,1550027160.392836,387
depth,1550027160.402851,388
depth,1550027160.412828,388
depth,1550027160.422873,389
depth,1550027160.432836,390
depth,1550027160.442883,390
depth,1550027160.456904,391
depth,1550027160.462994,391
1898906.311,CTRL_LANDED,FLYING_OK,62.5607795715332,38.19485855102539,-999.38330078125,3.615292549133301,0.9788742065429688,22.317710876464844,2.913,-2.088,157.52
depth,1550027160.472954,392
depth,1550027160.482838,393
depth,1550027160.492842,393
depth,1550027160.502805,393
depth,1550027160.512835,394
depth,1550027160.524124,394
depth,1550027160.532817,395
depth,1550027160.54286,395
depth,1550027160.553468,396
depth,1550027160.562818,397
1899005.95,CTRL_LANDED,FLYING_OK,78.12774658203125,27.678142547607422,-1006.2157592773438,-0.3784586489200592,-0.3655606806278229,16.566787719726562,3.541,-2.115,159.184
depth,1550027160.57324,397
depth,1550027160.582808,398
depth,1550027160.592818,399
depth,1550027160.602837,399
depth,1550027160.612867,400
depth,1550027160.623323,400
depth,1550027160.632802,401
depth,1550027160.642797,402
depth,1550027160.654212,402
depth,1550027160.662865,403
1899105.987,CTRL_LANDED,FLYING_OK,178.51905822753906,76.92256927490234,-920.7626342773438,5.803363800048828,-10.606300354003906,2.9298336505889893,2.659,-1.504,160.321
depth,1550027160.673482,403
depth,1550027160.682829,404
depth,1550027160.69284,405
depth,1550027160.703517,406
depth,1550027160.712841,406
depth,1550027160.722832,407
depth,1550027160.734563,407
depth,1550027160.742837,408
depth,1550027160.753196,408
depth,1550027160.762846,409
1899205.841,CTRL_LANDED,FLYING_OK,104.15167236328125,-1.7666499614715576,-927.6449584960938,-0.17529384791851044,-6.47788143157959,-4.015425682067871,2.255,-1.685,160.269
depth,1550027160.772857,409
depth,1550027160.782824,410
depth,1550027160.792788,411
depth,1550027160.802903,411
depth,1550027160.812844,412
depth,1550027160.822895,412
depth,1550027160.832825,413
depth,1550027160.842888,413
depth,1550027160.85311,414
depth,1550027160.86284,414
1899310.485,CTRL_LANDED,FLYING_OK,43.36762619018555,67.14220428466797,-971.8594970703125,-0.47838544845581055,-1.1096078157424927,-4.916551113128662,1.799,-1.412,159.617
depth,1550027160.872823,415
depth,1550027160.882824,415
depth,1550027160.893003,416
depth,1550027160.902838,416
depth,1550027160.912827,416
depth,1550027160.923474,417
depth,1550027160.932805,417
depth,1550027160.942824,418
depth,1550027160.952952,418
depth,1550027160.962832,419
1899410.247,CTRL_LANDED,FLYING_OK,93.40760040283203,81.98939514160156,-943.926025390625,-0.7218785285949707,6.5632805824279785,-16.641311645507812,1.979,-1.515,158.555
depth,1550027160.973123,419
depth,1550027160.982831,419
depth,1550027160.993511,420
depth,1550027161.003422,420
depth,1550027161.013403,421
depth,1550027161.023984,421
depth,1550027161.03342,422
depth,1550027161.043392,422
depth,1550027161.054023,423
depth,1550027161.063454,423
1899510.162,CTRL_LANDED,FLYING_OK,18.131580352783203,17.358680725097656,-978.4866333007812,2.869486093521118,5.815601348876953,-25.068979263305664,2.584,-1.747,156.513
depth,1550027161.073608,424
depth,1550027161.083453,424
depth,1550027161.093516,425
depth,1550027161.103558,425
depth,1550027161.113449,426
depth,1550027161.123399,426
depth,1550027161.133506,427
depth,1550027161.143429,427
depth,1550027161.153814,428
depth,1550027161.16342,428
depth,1550027161.173365,429
1899610.046,CTRL_LANDED,FLYING_OK,18.348506927490234,6.3480658531188965,-931.482666015625,9.599020004272461,-0.18222305178642273,-15.793644905090332,2.833,-1.404,154.319
depth,1550027161.183405,430
depth,1550027161.193521,430
depth,1550027161.203399,431
depth,1550027161.213442,431
depth,1550027161.223423,432
depth,1550027161.233376,433
depth,1550027161.243424,433
depth,1550027161.253673,434
depth,1550027161.263427,434
depth,1550027161.273419,435
1899709.869,CTRL_LANDED,FLYING_OK,65.09716796875,47.999977111816406,-992.8695068359375,-5.402162551879883,-9.50438404083252,-2.138805389404297,2.588,-1.308,153.361
depth,1550027161.283391,436
depth,1550027161.293507,436
depth,1550027161.303387,437
depth,1550027161.313381,437
depth,1550027161.323839,438
depth,1550027161.333379,438
depth,1550027161.343393,439
depth,1550027161.354262,439
depth,1550027161.363438,440
depth,1550027161.373592,440
depth,1550027161.38343,441
depth,1550027161.393515,441
depth,1550027161.4034,442
depth,1550027161.413401,442
depth,1550027161.423813,443
depth,1550027161.433466,443
depth,1550027161.443416,444
depth,1550027161.453932,444
depth,1550027161.463406,444
depth,1550027161.473491,445
depth,1550027161.483391,445
depth,1550027161.493695,446
depth,1550027161.503169,446
depth,1550027161.512867,447
depth,1550027161.522846,447
depth,1550027161.532859,448
depth,1550027161.542809,448
depth,1550027161.553104,449
depth,1550027161.562831,449
depth,1550027161.572812,450
1900014.343,CTRL_LANDED,FLYING_OK,34.641510009765625,2.1283836364746094,-1009.6808471679688,12.094520568847656,-0.8372457027435303,9.483612060546875,1.922,-2.236,153.577
depth,1550027161.582808,450
depth,1550027161.592983,450
depth,1550027161.602835,451
depth,1550027161.612828,451
depth,1550027161.622833,452
depth,1550027161.632809,452
depth,1550027161.642792,452
depth,1550027161.653193,453
depth,1550027161.662911,453
depth,1550027161.672812,454
1900114.288,CTRL_LANDED,FLYING_OK,36.31145477294922,-0.6690906286239624,-983.9202880859375,10.995735168457031,5.435680389404297,8.022272109985352,2.121,-0.954,154.536
depth,1550027161.682794,454
depth,1550027161.692962,455
depth,1550027161.702885,455
depth,1550027161.71282,456
depth,1550027161.723491,456
depth,1550027161.734382,457
depth,1550027161.742835,457
depth,1550027161.7549,458
depth,1550027161.762823,458
depth,1550027161.773402,459
1900213.958,CTRL_LANDED,FLYING_OK,2.220211982727051,-13.636399269104004,-967.9254150390625,9.330509185791016,5.660869598388672,7.6237101554870605,2.468,0.121,155.228
depth,1550027161.782845,459
depth,1550027161.792806,459
depth,1550027161.803385,460
depth,1550027161.812904,460
depth,1550027161.822808,461
depth,1550027161.832841,461
depth,1550027161.842815,461
depth,1550027161.853247,462
depth,1550027161.862835,462
depth,1550027161.8728,463
1900313.842,CTRL_LANDED,FLYING_OK,78.27064514160156,8.354752540588379,-962.258544921875,3.0135293006896973,2.8286068439483643,3.712890863418579,2.793,0.54,156.053
depth,1550027161.884272,463
depth,1550027161.894782,464
depth,1550027161.9032,464
depth,1550027161.912894,465
depth,1550027161.922854,465
depth,1550027161.934402,466
depth,1550027161.943126,466
depth,1550027161.957944,467
depth,1550027161.965031,467
depth,1550027161.972944,468
depth,1550027161.983061,468
depth,1550027161.993067,469
depth,1550027162.00292,469
depth,1550027162.012818,470
depth,1550027162.023151,470
depth,1550027162.032829,471
depth,1550027162.042876,471
depth,1550027162.053772,472
depth,1550027162.062847,472
depth,1550027162.073514,473
1900518.524,CTRL_LANDED,FLYING_OK,126.01641845703125,23.967761993408203,-966.9404907226562,-2.4920082092285156,0.2004997730255127,3.1837475299835205,3.212,-0.559,156.64
depth,1550027162.082826,473
depth,1550027162.092813,474
depth,1550027162.103283,474
depth,1550027162.112878,475
depth,1550027162.123275,475
depth,1550027162.132852,476
depth,1550027162.14288,476
depth,1550027162.153181,476
depth,1550027162.163572,477
depth,1550027162.17286,477
1900618.53,CTRL_LANDED,FLYING_OK,129.1471710205078,6.819638252258301,-992.7840576171875,13.853059768676758,-2.4679787158966064,0.0390840508043766,3.209,-0.345,157.034
depth,1550027162.182902,477
depth,1550027162.193087,478
depth,1550027162.203625,478
depth,1550027162.214125,478
depth,1550027162.223649,479
depth,1550027162.23345,479
depth,1550027162.244125,480
depth,1550027162.254987,480
depth,1550027162.263416,480
depth,1550027162.273748,481
1900718.17,CTRL_LANDED,FLYING_OK,133.02215576171875,4.360063552856445,-924.5407104492188,-0.18956194818019867,7.526199817657471,-10.069170951843262,3.474,0.544,156.565
depth,1550027162.2834,481
depth,1550027162.293395,481
depth,1550027162.303647,482
depth,1550027162.312838,482
depth,1550027162.323334,483
depth,1550027162.332815,483
depth,1550027162.342841,483
depth,1550027162.354161,484
depth,1550027162.363263,485
depth,1550027162.373157,485
1900818.115,CTRL_LANDED,FLYING_OK,82.98115539550781,54.73688507080078,-955.7825317382812,-9.980490684509277,2.0688936710357666,-19.952232360839844,4.09,-0.534,155.031
depth,1550027162.382887,485
depth,1550027162.392785,486
depth,1550027162.410286,486
depth,1550027162.42311,487
depth,1550027162.427225,487
depth,1550027162.43289,488
depth,1550027162.442842,488
depth,1550027162.453386,488
depth,1550027162.462911,489
depth,1550027162.472808,489
1900917.938,CTRL_LANDED,FLYING_OK,46.563995361328125,21.466733932495117,-958.2315673828125,-4.6688008308410645,3.4364774227142334,-13.145095825195312,4.457,-1.335,153.223
depth,1550027162.482794,490
depth,1550027162.492931,490
depth,1550027162.502858,491
depth,1550027162.512823,491
depth,1550027162.524026,491
depth,1550027162.532834,492
depth,1550027162.542806,492
depth,1550027162.552964,493
depth,1550027162.562823,493
depth,1550027162.57321,494
depth,1550027162.582799,494
1901019.805,CTRL_LANDED,FLYING_OK,46.080894470214844,57.80171203613281,-950.2799072265625,1.4715489149093628,-5.946819305419922,-25.887592315673828,3.871,-1.765,151.394
depth,1550027162.592835,495
depth,1550027162.602801,496
depth,1550027162.612803,496
depth,1550027162.6232,497
depth,1550027162.632798,498
depth,1550027162.642794,499
depth,1550027162.653628,499
depth,1550027162.662828,500
depth,1550027162.673252,501
depth,1550027162.682821,502
1901122.467,CTRL_LANDED,FLYING_OK,103.35589599609375,23.623123168945312,-962.5382690429688,-7.205373287200928,-8.489994049072266,-24.436450958251953,3.002,-2.114,148.482
depth,1550027162.6928,503
depth,1550027162.703489,504
depth,1550027162.712899,504
depth,1550027162.722811,505
depth,1550027162.732798,506
depth,1550027162.742948,507
depth,1550027162.753285,507
depth,1550027162.762836,508
depth,1550027162.772794,509
depth,1550027162.782804,510
1901222.351,CTRL_LANDED,FLYING_OK,62.776947021484375,50.72173309326172,-985.1906127929688,3.8035147190093994,-7.355964183807373,-11.58027172088623,2.003,-2.238,146.829
depth,1550027162.792924,510
depth,1550027162.802808,511
depth,1550027162.813119,512
depth,1550027162.82283,512
depth,1550027162.832826,513
depth,1550027162.843147,513
depth,1550027162.85281,514
depth,1550027162.862833,515
depth,1550027162.8728,515
depth,1550027162.882796,516
1901322.265,CTRL_LANDED,FLYING_OK,97.70938110351562,-10.828310012817383,-954.4354858398438,-0.4175339639186859,2.231306314468384,-10.043390274047852,1.752,-1.653,145.77
depth,1550027162.893613,517
depth,1550027162.903013,517
depth,1550027162.912783,518
depth,1550027162.923574,518
depth,1550027162.932793,519
depth,1550027162.942774,519
depth,1550027162.952928,520
depth,1550027162.962816,520
depth,1550027162.97305,520
depth,1550027162.982825,521
1901422.058,CTRL_LANDED,FLYING_OK,54.54355239868164,33.25751876831055,-984.4981689453125,-0.9186587333679199,4.169681549072266,-1.5400139093399048,2.151,-2.017,145.323
depth,1550027162.99278,521
depth,1550027163.003313,522
depth,1550027163.01343,522
depth,1550027163.023397,522
depth,1550027163.033347,523
depth,1550027163.043528,523
depth,1550027163.053756,523
depth,1550027163.06343,524
depth,1550027163.073387,524
depth,1550027163.083367,524
1901526.885,CTRL_LANDED,FLYING_OK,14.60611343383789,-6.071803092956543,-957.8566284179688,1.4461857080459595,8.709615707397461,-0.33392879366874695,2.782,-1.562,145.251
depth,1550027163.093527,525
depth,1550027163.103384,525
depth,1550027163.11347,525
depth,1550027163.12366,525
depth,1550027163.133369,526
depth,1550027163.143369,526
depth,1550027163.154244,526
depth,1550027163.163401,527
depth,1550027163.173704,527
depth,1550027163.183349,527
1901626.586,CTRL_LANDED,FLYING_OK,61.69344711303711,48.69366455078125,-943.78955078125,-0.1610066145658493,5.751838207244873,2.2750658988952637,3.404,-1.664,145.238
depth,1550027163.193374,528
depth,1550027163.203392,528
depth,1550027163.213491,528
depth,1550027163.223705,529
depth,1550027163.233387,529
depth,1550027163.243372,529
depth,1550027163.254071,529
depth,1550027163.263426,529
depth,1550027163.27363,530
depth,1550027163.283347,530
1901726.348,CTRL_LANDED,FLYING_OK,43.05214309692383,20.314605712890625,-940.9280395507812,6.72869873046875,5.0081987380981445,17.39232635498047,3.669,-1.029,146.404
depth,1550027163.293377,530
depth,1550027163.303693,530
depth,1550027163.313646,530
depth,1550027163.322814,530
depth,1550027163.332785,530
depth,1550027163.34348,530
depth,1550027163.353197,531
depth,1550027163.362824,531
depth,1550027163.37279,531
depth,1550027163.382829,531
1901826.263,CTRL_LANDED,FLYING_OK,90.48121643066406,58.2032470703125,-970.902099609375,-3.48634672164917,3.6645467281341553,14.963626861572266,4.075,-0.831,147.918
depth,1550027163.392833,532
depth,1550027163.402786,532
depth,1550027163.41282,532
depth,1550027163.423185,532
depth,1550027163.432779,532
depth,1550027163.442776,533
depth,1550027163.453507,533
depth,1550027163.462901,533
depth,1550027163.47328,533
depth,1550027163.482767,533
1901931.06,CTRL_LANDED,FLYING_OK,75.63251495361328,51.510406494140625,-963.1578979492188,1.2073802947998047,-5.117496967315674,7.70289945602417,3.876,-0.945,149.154
depth,1550027163.492807,534
depth,1550027163.502791,534
depth,1550027163.512808,534
depth,1550027163.523383,534
depth,1550027163.532778,535
depth,1550027163.542805,535
depth,1550027163.55298,535
depth,1550027163.562813,536
depth,1550027163.573286,536
depth,1550027163.582798,536
1902030.883,CTRL_LANDED,FLYING_OK,153.07920837402344,55.6013298034668,-941.8043212890625,3.0272934436798096,-6.42067289352417,4.560954570770264,3.159,-0.652,149.728
depth,1550027163.592776,537
depth,1550027163.603476,537
depth,1550027163.612792,538
depth,1550027163.622813,538
depth,1550027163.632766,538
depth,1550027163.642992,539
depth,1550027163.652825,539
depth,1550027163.662799,539
depth,1550027163.672802,539
depth,1550027163.682786,540
1902130.676,CTRL_LANDED,FLYING_OK,104.29096221923828,95.50965881347656,-962.5576171875,1.428790807723999,-4.793065071105957,2.052403450012207,2.681,-0.718,150.273
depth,1550027163.693083,540
depth,1550027163.702777,540
depth,1550027163.712839,540
depth,1550027163.723095,541
depth,1550027163.732769,541
depth,1550027163.742888,541
depth,1550027163.75509,542
depth,1550027163.762849,542
depth,1550027163.773146,542
depth,1550027163.782797,543
1902230.59,CTRL_LANDED,FLYING_OK,79.4203872680664,70.03195190429688,-974.1455688476562,-6.497472763061523,1.055536150932312,-2.129136562347412,2.514,-1.092,150.089
depth,1550027163.79281,543
depth,1550027163.802794,543
depth,1550027163.8128,544
depth,1550027163.823173,544
depth,1550027163.832813,545
depth,1550027163.842785,545
depth,1550027163.853216,545
depth,1550027163.862836,546
depth,1550027163.873228,546
depth,1550027163.88276,546
1902330.413,CTRL_LANDED,FLYING_OK,75.67816162109375,48.34099197387695,-975.7235107421875,2.046440362930298,5.200094699859619,-1.5887904167175293,2.824,-1.385,149.991
depth,1550027163.892808,547
depth,1550027163.90316,547
depth,1550027163.912812,547
depth,1550027163.922839,547
depth,1550027163.932826,548
depth,1550027163.94299,548
depth,1550027163.955445,548
depth,1550027163.962825,549
depth,1550027163.972803,549
depth,1550027163.982791,549
1902430.45,CTRL_LANDED,FLYING_OK,62.413917541503906,66.7416763305664,-966.6804809570312,-4.689363479614258,1.918279767036438,-0.6292465329170227,3.236,-1.416,149.867
depth,1550027163.99296,550
depth,1550027164.002776,550
depth,1550027164.012897,550
depth,1550027164.023817,550
depth,1550027164.033404,551
depth,1550027164.043344,551
depth,1550027164.054601,551
depth,1550027164.063428,551
depth,1550027164.073719,552
depth,1550027164.083379,552
1902529.998,CTRL_LANDED,FLYING_OK,40.72480010986328,92.8388442993164,-935.2726440429688,-0.5040255188941956,3.7266921997070312,0.361792653799057,3.416,-1.837,149.824
depth,1550027164.09338,552
depth,1550027164.103396,553
depth,1550027164.113366,553
depth,1550027164.12383,553
depth,1550027164.133352,553
depth,1550027164.143354,554
depth,1550027164.154217,554
depth,1550027164.16338,554
depth,1550027164.173728,555
depth,1550027164.183391,555
1902630.096,CTRL_LANDED,FLYING_OK,50.327728271484375,59.831844329833984,-985.2788696289062,0.8618546724319458,-9.239642143249512,7.713247299194336,2.894,-2.042,150.193
depth,1550027164.193356,555
depth,1550027164.20378,555
depth,1550027164.213369,556
depth,1550027164.223502,556
depth,1550027164.233378,556
depth,1550027164.243585,557
depth,1550027164.254129,557
depth,1550027164.263417,557
depth,1550027164.273375,557
depth,1550027164.2834,557
1902724.67,CTRL_LANDED,FLYING_OK,37.08679962158203,13.441275596618652,-995.8473510742188,-0.7912847995758057,-4.021793842315674,11.213702201843262,2.186,-1.889,151.19
depth,1550027164.294086,558
depth,1550027164.30336,558
depth,1550027164.313406,558
depth,1550027164.323805,558
depth,1550027164.333342,558
depth,1550027164.343372,559
depth,1550027164.353547,559
depth,1550027164.363395,559
depth,1550027164.373915,560
depth,1550027164.38339,560
depth,1550027164.39335,560
1902829.62,CTRL_LANDED,FLYING_OK,56.16648483276367,-47.70599365234375,-980.7318115234375,-12.20496654510498,3.7228338718414307,-2.789118766784668,2.208,-2.279,151.511
depth,1550027164.403384,560
depth,1550027164.413506,561
depth,1550027164.423932,561
depth,1550027164.433356,561
depth,1550027164.443372,562
depth,1550027164.453499,562
depth,1550027164.463355,563
depth,1550027164.473767,563
depth,1550027164.483341,563
depth,1550027164.493392,564
1902929.443,CTRL_LANDED,FLYING_OK,116.31134796142578,18.45792579650879,-985.3197021484375,0.6469438672065735,1.4013313055038452,1.122437596321106,2.321,-2.99,151.387
depth,1550027164.503883,564
depth,1550027164.513347,564
depth,1550027164.523604,564
depth,1550027164.532834,565
depth,1550027164.543107,565
depth,1550027164.552868,565
depth,1550027164.5628,566
depth,1550027164.572848,566
depth,1550027164.582783,566
depth,1550027164.592939,566
1903029.174,CTRL_LANDED,FLYING_OK,38.62458038330078,34.247169494628906,-954.6585083007812,2.0045902729034424,7.351050853729248,6.82340669631958,2.716,-2.654,151.923
depth,1550027164.602831,567
depth,1550027164.612871,567
depth,1550027164.623495,567
depth,1550027164.632796,567
depth,1550027164.642812,567
depth,1550027164.652915,568
depth,1550027164.662801,568
depth,1550027164.673116,568
depth,1550027164.682809,568
depth,1550027164.692817,569
1903128.997,CTRL_LANDED,FLYING_OK,44.66443634033203,35.36843490600586,-928.7005615234375,3.077951669692993,4.374543190002441,2.8382270336151123,3.079,-2.151,152.405
depth,1550027164.702828,569
depth,1550027164.712824,569
depth,1550027164.72346,570
depth,1550027164.73304,570
depth,1550027164.742915,570
depth,1550027164.752975,570
depth,1550027164.762838,571
depth,1550027164.773094,571
depth,1550027164.78281,571
depth,1550027164.792838,572
1903233.764,CTRL_LANDED,FLYING_OK,19.138416290283203,54.244178771972656,-934.3675537109375,-0.43074652552604675,-0.6970593333244324,5.052114963531494,3.322,-2.172,152.822
depth,1550027164.802807,572
depth,1550027164.812786,572
depth,1550027164.822901,572
depth,1550027164.8328,573
depth,1550027164.842967,573
depth,1550027164.852836,573
depth,1550027164.8628,574
depth,1550027164.872839,574
depth,1550027164.882839,574
depth,1550027164.893295,575
1903333.831,CTRL_LANDED,FLYING_OK,83.3647689819336,43.004966735839844,-963.2129516601562,-7.961771488189697,-12.068480491638184,5.715680122375488,2.676,-2.658,153.505
depth,1550027164.902822,575
depth,1550027164.912888,576
depth,1550027164.923293,576
depth,1550027164.932801,576
depth,1550027164.942779,577
depth,1550027164.952908,577
depth,1550027164.962954,578
depth,1550027164.973211,578
depth,1550027164.982805,579
depth,1550027164.992803,579
1903433.441,CTRL_LANDED,FLYING_OK,58.081966400146484,27.548728942871094,-1011.4580078125,-15.55450439453125,-10.52908992767334,4.391647815704346,1.869,-3.646,153.909
depth,1550027165.002871,579
depth,1550027165.012821,580
depth,1550027165.023551,580
depth,1550027165.032812,580
depth,1550027165.042867,581
depth,1550027165.053008,581
depth,1550027165.062818,582
depth,1550027165.073108,582
depth,1550027165.082869,582
depth,1550027165.092798,583
1903533.508,CTRL_LANDED,FLYING_OK,61.66493225097656,87.81781005859375,-985.86474609375,3.737370252609253,-11.585597038269043,0.103286974132061,0.646,-4.354,153.554
depth,1550027165.102786,583
depth,1550027165.112815,584
depth,1550027165.122927,584
depth,1550027165.132817,584
depth,1550027165.143201,585
depth,1550027165.152846,585
depth,1550027165.162811,585
depth,1550027165.172852,586
depth,1550027165.182824,586
depth,1550027165.192992,586
1903633.026,CTRL_LANDED,FLYING_OK,96.31969451904297,126.53291320800781,-984.2183227539062,20.809480667114258,3.489039659500122,9.060683250427246,0.474,-3.262,154.056
depth,1550027165.202842,586
depth,1550027165.212857,587
depth,1550027165.223743,587
depth,1550027165.233446,587
depth,1550027165.243393,587
depth,1550027165.253526,587
depth,1550027165.263331,587
depth,1550027165.273935,588
depth,1550027165.283334,588
depth,1550027165.29333,588
1903738.037,CTRL_LANDED,FLYING_OK,58.604393005371094,35.838043212890625,-943.3399658203125,0.09925633668899536,5.212265968322754,-7.823582172393799,1.203,-2.323,153.968
depth,1550027165.303367,588
depth,1550027165.313357,589
depth,1550027165.32371,589
depth,1550027165.333469,589
depth,1550027165.343378,589
depth,1550027165.353478,590
depth,1550027165.363331,590
depth,1550027165.373857,590
depth,1550027165.383367,590
depth,1550027165.393337,591
1903837.951,CTRL_LANDED,FLYING_OK,74.32034301757812,50.12668228149414,-938.1452026367188,0.38333559036254883,-2.7661263942718506,-12.529012680053711,1.474,-2.401,152.945
depth,1550027165.403332,591
depth,1550027165.413375,591
depth,1550027165.423443,591
depth,1550027165.433466,592
depth,1550027165.443838,592
depth,1550027165.453397,592
depth,1550027165.463358,592
depth,1550027165.473383,593
depth,1550027165.483361,593
depth,1550027165.493442,593
1903932.952,CTRL_LANDED,FLYING_OK,52.904354095458984,44.32868194580078,-982.3568725585938,0.13398168981075287,-1.2818855047225952,-16.198654174804688,1.258,-2.206,151.628
depth,1550027165.503365,594
depth,1550027165.513416,594
depth,1550027165.523755,594
depth,1550027165.533489,595
depth,1550027165.543364,595
depth,1550027165.553364,595
depth,1550027165.563388,596
depth,1550027165.573851,596
depth,1550027165.583381,596
depth,1550027165.593345,597
1904032.531,CTRL_LANDED,FLYING_OK,42.25343704223633,50.66069412231445,-977.1176147460938,4.58688497543335,3.9235177040100098,-11.348639488220215,1.466,-2.197,149.955
depth,1550027165.603365,597
depth,1550027165.613328,598
depth,1550027165.62388,598
depth,1550027165.633434,598
depth,1550027165.64338,598
depth,1550027165.653807,599
depth,1550027165.663317,599
depth,1550027165.673666,599
depth,1550027165.683317,599
depth,1550027165.693342,599
1904137.329,CTRL_LANDED,FLYING_OK,29.350723266601562,21.162965774536133,-967.5330810546875,0.47209692001342773,-2.7632827758789062,18.29121971130371,1.415,-1.512,150.598
depth,1550027165.703348,599
depth,1550027165.713325,599
depth,1550027165.723358,599
depth,1550027165.733456,599
depth,1550027165.743827,599
depth,1550027165.753501,599
depth,1550027165.763308,599
depth,1550027165.774038,599
depth,1550027165.783356,599
depth,1550027165.793705,598
1904237.365,CTRL_LANDED,FLYING_OK,-72.53413391113281,77.5333251953125,-993.5789184570312,-18.94599151611328,22.888572692871094,13.590423583984375,2.321,-2.358,152.033
depth,1550027165.811337,598
depth,1550027165.815612,598
depth,1550027165.823961,598
depth,1550027165.833747,599
depth,1550027165.842766,599
depth,1550027165.852802,599
depth,1550027165.870955,599
depth,1550027165.874848,599
depth,1550027165.882677,599
depth,1550027165.892615,599
1904337.036,CTRL_LANDED,FLYING_OK,117.53845977783203,13.626175880432129,-983.7264404296875,-14.940644264221191,17.885841369628906,-2.4280269145965576,3.965,-3.953,152.371
depth,1550027165.902786,599
depth,1550027165.921045,600
depth,1550027165.924869,600
depth,1550027165.932876,600
depth,1550027165.942654,601
depth,1550027165.952821,601
depth,1550027165.971201,601
depth,1550027165.974789,601
depth,1550027165.982612,601
depth,1550027165.992607,602
1904436.737,CTRL_LANDED,FLYING_OK,131.54144287109375,51.001220703125,-928.1173095703125,-5.74432897567749,6.562410831451416,-1.6902692317962646,4.905,-4.47,152.286
depth,1550027166.002749,602
depth,1550027166.02106,602
depth,1550027166.024441,602
depth,1550027166.032738,602
depth,1550027166.042936,602
depth,1550027166.052761,603
depth,1550027166.07078,603
depth,1550027166.07446,603
depth,1550027166.082615,603
depth,1550027166.093149,604
1904536.621,CTRL_LANDED,FLYING_OK,208.92608642578125,228.94830322265625,-919.9794311523438,-10.036235809326172,10.148242950439453,12.105667114257812,5.453,-4.932,152.491
depth,1550027166.102802,604
depth,1550027166.120973,604
depth,1550027166.124881,604
depth,1550027166.132626,604
depth,1550027166.142638,604
depth,1550027166.152753,604
depth,1550027166.170699,604
depth,1550027166.174474,604
depth,1550027166.182609,604
depth,1550027166.192749,604
1904636.383,CTRL_LANDED,FLYING_OK,214.86802673339844,207.2751007080078,-901.3937377929688,-3.0556387901306152,10.813244819641113,9.233664512634277,6.394,-5.79,153.472
depth,1550027166.202764,604
depth,1550027166.220806,604
depth,1550027166.224742,604
depth,1550027166.232621,605
depth,1550027166.243012,605
depth,1550027166.253144,605
depth,1550027166.27084,605
depth,1550027166.274464,605
depth,1550027166.282634,605
depth,1550027166.292834,605
1904736.297,CTRL_LANDED,FLYING_OK,54.36140441894531,116.27124786376953,-1037.3736572265625,1.259365439414978,0.03869739919900894,17.57015037536621,7.685,-5.611,154.961
depth,1550027166.302762,605
depth,1550027166.32073,605
depth,1550027166.324452,605
depth,1550027166.332592,605
depth,1550027166.343156,605
depth,1550027166.35279,606
depth,1550027166.37084,606
depth,1550027166.374456,606
depth,1550027166.382615,607
depth,1550027166.392816,607
1904836.059,CTRL_LANDED,FLYING_OK,115.13904571533203,41.996055603027344,-873.3413696289062,14.606194496154785,5.988070964813232,-10.14172077178955,7.913,-3.905,155.39
depth,1550027166.402759,607
depth,1550027166.421509,607
depth,1550027166.424423,608
depth,1550027166.432656,608
depth,1550027166.442971,608
depth,1550027166.452765,608
depth,1550027166.476425,609
depth,1550027166.489589,609
depth,1550027166.49333,609
depth,1550027166.496668,610
1904935.943,CTRL_LANDED,FLYING_OK,68.56348419189453,92.97174072265625,-903.9656372070312,3.2437450885772705,-10.936416625976562,-20.82363510131836,7.505,-3.735,153.665
depth,1550027166.502748,610
depth,1550027166.521041,610
depth,1550027166.524781,610
depth,1550027166.53263,611
depth,1550027166.542703,611
depth,1550027166.552757,611
depth,1550027166.571302,612
depth,1550027166.575101,612
depth,1550027166.582652,613
depth,1550027166.592627,613
1905035.675,CTRL_LANDED,FLYING_OK,73.68983459472656,126.77001190185547,-999.678466796875,-24.325225830078125,-5.142941474914551,-8.511150360107422,6.637,-4.221,152.403
depth,1550027166.602763,613
depth,1550027166.621096,614
depth,1550027166.624951,614
depth,1550027166.632628,615
depth,1550027166.642623,615
depth,1550027166.652765,615
depth,1550027166.670708,616
depth,1550027166.674908,616
depth,1550027166.682616,616
depth,1550027166.692626,617
1905135.589,CTRL_LANDED,FLYING_OK,204.5850830078125,59.95848083496094,-1002.366943359375,-1.2150052785873413,-3.8498377799987793,-4.511244297027588,6.282,-5.279,151.762
depth,1550027166.702793,617
depth,1550027166.720738,618
depth,1550027166.724872,618
depth,1550027166.732612,618
depth,1550027166.742739,618
depth,1550027166.752743,619
depth,1550027166.770672,619
depth,1550027166.774452,619
depth,1550027166.782634,620
depth,1550027166.792606,620
1905240.447,CTRL_LANDED,FLYING_OK,236.18527221679688,125.64715576171875,-902.4093627929688,-7.199467658996582,10.156495094299316,2.3887879848480225,6.525,-6.178,151.752
depth,1550027166.802754,620
depth,1550027166.821914,620
depth,1550027166.824468,620
depth,1550027166.832609,620
depth,1550027166.843336,621
depth,1550027166.853055,621
depth,1550027166.870799,621
depth,1550027166.874444,621
depth,1550027166.882636,621
depth,1550027166.892781,622
1905340.27,CTRL_LANDED,FLYING_OK,93.75041198730469,95.29052734375,-1022.3760375976562,-1.895748496055603,7.242215156555176,7.052911281585693,7.461,-6.972,152.373
depth,1550027166.90276,621
depth,1550027166.920696,622
depth,1550027166.92478,622
depth,1550027166.932616,622
depth,1550027166.942598,623
depth,1550027166.95274,623
depth,1550027166.970672,623
depth,1550027166.975068,623
depth,1550027166.982625,623
depth,1550027166.992615,624
1905439.971,CTRL_LANDED,FLYING_OK,172.4550018310547,112.41160583496094,-909.9038696289062,2.6671414375305176,-1.8166228532791138,6.819315433502197,7.686,-6.557,153.005
depth,1550027167.002745,624
depth,1550027167.020657,624
depth,1550027167.024849,624
depth,1550027167.032593,624
depth,1550027167.042627,624
depth,1550027167.052769,624
depth,1550027167.070751,624
depth,1550027167.074834,625
depth,1550027167.082603,625
depth,1550027167.092612,625
1905539.794,CTRL_LANDED,FLYING_OK,131.7799835205078,119.69567108154297,-928.772705078125,2.7101588249206543,0.20616307854652405,7.068883895874023,7.595,-6.177,153.534
depth,1550027167.102743,625
depth,1550027167.120695,626
depth,1550027167.125273,626
depth,1550027167.1326,626
depth,1550027167.142623,627
depth,1550027167.152757,627
depth,1550027167.170649,627
depth,1550027167.174421,627
depth,1550027167.182649,627
depth,1550027167.192752,628
1905639.587,CTRL_LANDED,FLYING_OK,133.80751037597656,118.51947021484375,-925.7327270507812,-5.787999629974365,1.4542614221572876,14.143088340759277,7.626,-6.509,154.632
depth,1550027167.202804,628
depth,1550027167.220746,628
depth,1550027167.224455,628
depth,1550027167.232599,628
depth,1550027167.243078,629
depth,1550027167.252831,629
depth,1550027167.270724,629
depth,1550027167.274387,629
depth,1550027167.28265,630
depth,1550027167.292893,630
1905739.41,CTRL_LANDED,FLYING_OK,208.13027954101562,111.28414916992188,-987.633056640625,-5.988246917724609,-6.836888313293457,12.241952896118164,7.656,-7.387,155.72
depth,1550027167.302706,630
depth,1550027167.32067,630
depth,1550027167.324719,631
depth,1550027167.332575,631
depth,1550027167.342607,631
depth,1550027167.352737,631
depth,1550027167.370681,631
depth,1550027167.374703,632
depth,1550027167.382633,632
depth,1550027167.392581,632
depth,1550027167.40265,632
1905839.263,CTRL_LANDED,FLYING_OK,138.66183471679688,186.9157257080078,-924.2942504882812,-10.133832931518555,0.2360534816980362,14.95507526397705,7.449,-7.896,156.942
depth,1550027167.420183,633
depth,1550027167.426471,633
depth,1550027167.440044,633
depth,1550027167.443138,633
depth,1550027167.454283,634
depth,1550027167.47091,634
depth,1550027167.475036,634
depth,1550027167.482689,634
depth,1550027167.492988,634
depth,1550027167.502634,635
1905939.117,CTRL_LANDED,FLYING_OK,215.385986328125,160.59495544433594,-923.468017578125,-4.9142327308654785,-3.163762092590332,2.2032432556152344,7.612,-8.771,157.777
depth,1550027167.520561,635
depth,1550027167.524691,635
depth,1550027167.532609,635
depth,1550027167.542613,635
depth,1550027167.552738,635
depth,1550027167.570651,635
depth,1550027167.575001,636
depth,1550027167.582641,636
depth,1550027167.593188,636
depth,1550027167.602828,636
1906038.909,CTRL_LANDED,FLYING_OK,209.81356811523438,155.05645751953125,-940.3567504882812,-5.070863723754883,-0.6021731495857239,-12.197188377380371,7.466,-9.116,157.329
depth,1550027167.620652,636
depth,1550027167.62489,636
depth,1550027167.632589,637
depth,1550027167.642961,637
depth,1550027167.65273,637
depth,1550027167.671205,637
depth,1550027167.676867,637
depth,1550027167.691256,638
depth,1550027167.696484,638
depth,1550027167.702762,638
1906138.885,CTRL_LANDED,FLYING_OK,194.9783172607422,168.52740478515625,-949.3827514648438,-7.631086826324463,11.322622299194336,-10.955643653869629,7.858,-9.466,155.903
depth,1550027167.718127,638
depth,1550027167.732756,638
depth,1550027167.737179,638
depth,1550027167.745283,638
depth,1550027167.752726,638
depth,1550027167.762646,639
depth,1550027167.781253,639
depth,1550027167.785106,639
depth,1550027167.792961,639
depth,1550027167.802876,639
1906243.56,CTRL_LANDED,FLYING_OK,208.52723693847656,170.96875,-896.7897338867188,1.9568308591842651,13.323747634887695,-7.451876640319824,9.135,-9.926,154.683
depth,1550027167.812676,640
depth,1550027167.830546,640
depth,1550027167.834211,640
depth,1550027167.8432,640
depth,1550027167.852603,640
depth,1550027167.862619,640
depth,1550027167.880652,640
depth,1550027167.884432,640
depth,1550027167.89413,641
depth,1550027167.902586,641
1906338.348,CTRL_LANDED,FLYING_OK,189.7766876220703,177.26876831054688,-928.5441284179688,9.34450912475586,2.5273685455322266,-2.9406731128692627,9.753,-9.518,154.224
depth,1550027167.914041,641
depth,1550027167.938457,641
depth,1550027167.952517,641
depth,1550027167.956448,641
depth,1550027167.975411,641
depth,1550027167.979637,641
depth,1550027167.983405,641
depth,1550027167.987065,641
depth,1550027168.000653,641
depth,1550027168.004435,641
1906443.481,CTRL_LANDED,FLYING_OK,204.35751342773438,177.0669708251953,-917.7627563476562,-0.15183889865875244,3.3197712898254395,-2.738478899002075,9.947,-9.402,154.029
depth,1550027168.016906,641
depth,1550027168.023184,641
depth,1550027168.032713,641
depth,1550027168.05067,641
depth,1550027168.05499,641
depth,1550027168.062638,642
depth,1550027168.072876,642
depth,1550027168.082765,641
depth,1550027168.100679,641
depth,1550027168.104459,642
1906543.212,CTRL_LANDED,FLYING_OK,142.14332580566406,113.0411148071289,-973.8152465820312,8.75210189819336,-4.9762115478515625,4.456481456756592,10.072,-8.805,154.038
depth,1550027168.112559,642
depth,1550027168.123015,642
depth,1550027168.132774,642
depth,1550027168.150599,642
depth,1550027168.154454,642
depth,1550027168.162563,642
depth,1550027168.172929,642
depth,1550027168.182752,641
depth,1550027168.200685,641
depth,1550027168.204426,641
1906643.005,CTRL_LANDED,FLYING_OK,171.76051330566406,118.5951156616211,-934.3386840820312,1.1680630445480347,8.807390213012695,8.200199127197266,10.19,-8.406,154.673
depth,1550027168.212752,641
depth,1550027168.22277,641
depth,1550027168.232765,641
depth,1550027168.250672,641
depth,1550027168.254555,641
depth,1550027168.262603,642
depth,1550027168.272872,642
depth,1550027168.282735,641
depth,1550027168.300697,641
depth,1550027168.304413,641
1906742.706,CTRL_LANDED,FLYING_OK,240.3745574951172,140.3605499267578,-913.635986328125,-2.817307233810425,1.606777310371399,8.892691612243652,10.702,-8.161,155.318
depth,1550027168.313007,641
depth,1550027168.322756,641
depth,1550027168.332771,641
depth,1550027168.350691,641
depth,1550027168.35457,641
depth,1550027168.362578,641
depth,1550027168.373013,641
depth,1550027168.382722,641
depth,1550027168.400701,641
depth,1550027168.40448,641
1906842.529,CTRL_LANDED,FLYING_OK,155.6106719970703,146.51490783691406,-915.6382446289062,-5.355788707733154,-0.46117961406707764,11.201722145080566,10.735,-8.6,156.392
depth,1550027168.41268,641
depth,1550027168.422645,641
depth,1550027168.432796,641
depth,1550027168.450638,641
depth,1550027168.45456,641
depth,1550027168.462586,640
depth,1550027168.472825,640
depth,1550027168.482707,640
depth,1550027168.50068,640
depth,1550027168.504401,640
1906942.382,CTRL_LANDED,FLYING_OK,210.769775390625,148.68435668945312,-940.8972778320312,-6.214064121246338,-6.211543083190918,14.094375610351562,10.621,-8.339,157.668
depth,1550027168.512709,640
depth,1550027168.522781,640
depth,1550027168.532795,640
depth,1550027168.550651,639
depth,1550027168.55447,639
depth,1550027168.562602,639
depth,1550027168.57296,639
depth,1550027168.582756,639
depth,1550027168.600668,639
depth,1550027168.604397,639
1907042.205,CTRL_LANDED,FLYING_OK,174.7453155517578,158.505615234375,-945.5247192382812,-10.223564147949219,-2.259305953979492,11.390973091125488,10.283,-9.055,159.057
depth,1550027168.612687,639
depth,1550027168.622777,639
depth,1550027168.632784,639
depth,1550027168.650625,639
depth,1550027168.660262,639
depth,1550027168.664148,639
depth,1550027168.672871,639
depth,1550027168.682742,639
depth,1550027168.700688,639
depth,1550027168.704409,639
1907146.972,CTRL_LANDED,FLYING_OK,200.80406188964844,159.30551147460938,-930.2947998046875,-9.639211654663086,-7.265562534332275,4.606925010681152,9.864,-9.707,159.992
depth,1550027168.71267,639
depth,1550027168.722582,638
depth,1550027168.732817,638
depth,1550027168.750989,638
depth,1550027168.754842,638
depth,1550027168.762725,638
depth,1550027168.773235,638
depth,1550027168.782718,638
depth,1550027168.800672,638
depth,1550027168.804389,638
1907247.07,CTRL_LANDED,FLYING_OK,148.2581329345703,172.87574768066406,-950.566162109375,-5.183917045593262,-6.56482458114624,4.831631660461426,9.209,-10.297,160.593
depth,1550027168.812695,638
depth,1550027168.822693,638
depth,1550027168.832708,638
depth,1550027168.850482,638
depth,1550027168.854221,638
depth,1550027168.862577,638
depth,1550027168.872972,638
depth,1550027168.882715,638
depth,1550027168.900606,638
depth,1550027168.904376,638
1907346.679,CTRL_LANDED,FLYING_OK,186.1359405517578,188.38812255859375,-971.8982543945312,-3.0392801761627197,-4.795337677001953,2.9633748531341553,8.604,-10.613,161.077
depth,1550027168.912703,638
depth,1550027168.922872,638
depth,1550027168.932748,638
depth,1550027168.950643,638
depth,1550027168.954399,638
depth,1550027168.963986,639
depth,1550027168.973317,638
depth,1550027168.98275,638
depth,1550027168.99274,638
1907446.99,CTRL_LANDED,FLYING_OK,153.8856964111328,223.5416717529297,-937.2896118164062,5.327198505401611,2.400602102279663,3.061772346496582,8.418,-10.668,161.435
depth,1550027169.010722,638
depth,1550027169.014299,638
depth,1550027169.022941,638
depth,1550027169.032717,638
depth,1550027169.042617,638
depth,1550027169.052917,638
depth,1550027169.06287,638
depth,1550027169.072705,638
depth,1550027169.082603,638
depth,1550027169.092874,638
depth,1550027169.102615,638
1907541.412,CTRL_LANDED,FLYING_OK,136.0352325439453,175.89190673828125,-932.7411499023438,-0.3678115904331207,2.699277639389038,1.0759656429290771,8.623,-10.434,161.612
depth,1550027169.112795,638
depth,1550027169.123076,638
