6.54E-05,1552622.986,0,0,2.943619957,1.65,4.84,2.86
1.14E-05,1552622.986,0,0,2.943619957,1.65,4.84,2.86
4.74E-06,1552622.986,0,0,2.943567597,1.65,4.84,2.86
5.38E-05,1552622.986,0,0,2.943567597,1.65,4.84,2.86
6.34E-05,1552622.986,0,0,2.943550143,1.65,4.84,2.86
6.49E-05,1552622.986,0,0,2.943567597,1.65,4.84,2.85
6.63E-05,1552622.987,0,0,2.943550143,1.65,4.84,2.86
6.37E-05,1552622.987,0,0,2.943515237,1.65,4.84,2.86
6.68E-05,1552622.987,0,0,2.943515237,1.65,4.84,2.86
6.31E-05,1552622.987,0,0,2.94348033,1.65,4.84,2.86
6.63E-05,1552622.987,0,0,2.943462877,1.65,4.84,2.86
6.58E-05,1552622.987,0,0,2.943462877,1.65,4.84,2.86
6.21E-05,1552622.987,0,0,2.943410517,1.65,4.84,2.85
6.60E-05,1552622.987,0,0,2.94337561,1.65,4.84,2.85
6.62E-05,1552622.987,0,0,2.943358157,1.65,4.84,2.86
6.31E-05,1552622.987,0,0,2.94337561,1.65,4.84,2.86
7.37E-05,1552622.987,0,0,2.943340704,1.65,4.84,2.86
5.84E-05,1552622.987,0,0,2.943305797,1.65,4.84,2.86
6.26E-05,1552622.987,0,0,2.943323251,1.65,4.84,2.85
6.43E-05,1552622.987,0,0,2.943323251,1.65,4.84,2.86
6.68E-05,1552622.987,0,0,2.943305797,1.65,4.85,2.86
6.38E-05,1552622.988,0,0,2.943288344,1.65,4.84,2.86
6.58E-05,1552622.988,0,0,2.943253437,1.65,4.84,2.86
6.36E-05,1552622.988,0,0,2.943288344,1.65,4.84,2.86
6.44E-05,1552622.988,0,0,2.943253437,1.65,4.84,2.86
6.60E-05,1552622.988,0,0,2.943253437,1.65,4.84,2.86
6.75E-05,1552622.988,0,0,2.943235984,1.65,4.84,2.86
6.17E-05,1552622.988,0,0,2.943235984,1.65,4.84,2.86
6.72E-05,1552622.988,0,0,2.943183624,1.65,4.84,2.86
6.45E-05,1552622.988,0,0,2.943201078,1.65,4.84,2.86
6.58E-05,1552622.988,0,0,2.943183624,1.65,4.85,2.86
6.18E-05,1552622.988,0,0,2.943166171,1.65,4.84,2.86
6.80E-05,1552622.988,0,0,2.943166171,1.65,4.84,2.86
6.21E-05,1552622.988,0,0,2.943183624,1.65,4.84,2.86
6.45E-05,1552622.988,0,0,2.943131264,1.65,4.84,2.86
6.46E-05,1552622.988,0,0,2.943113811,1.65,4.84,2.86
6.59E-05,1552622.989,0,0,2.943113811,1.65,4.84,2.86
6.42E-05,1552622.989,0,0,2.943096358,1.65,4.84,2.86
6.56E-05,1552622.989,0,0,2.943096358,1.65,4.84,2.85
6.48E-05,1552622.989,0,0,2.943078904,1.65,4.84,2.85
6.71E-05,1552622.989,0,0,2.943061451,1.65,4.84,2.86
6.24E-05,1552622.989,0,0,2.943009091,1.65,4.84,2.85
6.45E-05,1552622.989,0,0,2.942991638,1.65,4.84,2.86
6.47E-05,1552622.989,0,0,2.942921825,1.65,4.84,2.85
6.56E-05,1552622.989,0,0,2.942904372,1.65,4.84,2.86
6.45E-05,1552622.989,0,0,2.942921825,1.65,4.85,2.86
6.97E-05,1552622.989,0,0,2.942904372,1.65,4.85,2.86
6.14E-05,1552622.989,0,0,2.942904372,1.65,4.84,2.86
7.31E-05,1552622.989,0,0,2.942904372,1.65,4.84,2.86
5.56E-05,1552622.989,0,0,2.942886918,1.65,4.84,2.86
6.45E-05,1552622.989,0,0,2.942869465,1.65,4.84,2.86
6.55E-05,1552622.989,0,0,2.942869465,1.65,4.84,2.86
6.54E-05,1552622.99,0,0,2.942886918,1.65,4.84,2.86
6.44E-05,1552622.99,0,0,2.942904372,1.65,4.84,2.86
6.45E-05,1552622.99,0,0,2.942904372,1.65,4.85,2.86
6.49E-05,1552622.99,0,0,2.942869465,1.65,4.84,2.86
6.70E-05,1552622.99,0,0,2.942817105,1.65,4.84,2.86
6.28E-05,1552622.99,0,0,2.942799652,1.65,4.84,2.86
6.94E-05,1552622.99,0,0,2.942817105,1.65,4.84,2.86
6.12E-05,1552622.99,0,0,2.942782198,1.65,4.84,2.86
6.63E-05,1552622.99,0,0,2.942799652,1.65,4.84,2.86
6.44E-05,1552622.99,0,0,2.942817105,1.65,4.84,2.86
6.32E-05,1552622.99,0,0,2.942799652,1.65,4.84,2.86
6.51E-05,1552622.99,0,0,2.942799652,1.65,4.84,2.86
6.54E-05,1552622.99,0,0,2.942782198,1.65,4.84,2.86
6.53E-05,1552622.99,0,0,2.942782198,1.65,4.84,2.86
6.75E-05,1552622.99,0,0,2.942747292,1.65,4.84,2.86
6.16E-05,1552622.991,0,0,2.942747292,1.65,4.84,2.86
6.45E-05,1552622.991,0,0,2.942747292,1.65,4.85,2.86
6.59E-05,1552622.991,0,0,2.942729839,1.65,4.84,2.86
6.52E-05,1552622.991,0,0,2.942729839,1.65,4.84,2.86
6.41E-05,1552622.991,0,0,2.942729839,1.65,4.84,2.86
6.59E-05,1552622.991,0,0,2.942712385,1.65,4.84,2.86
6.35E-05,1552622.991,0,0,2.942729839,1.65,4.84,2.86
6.53E-05,1552622.991,0,0,2.942712385,1.65,4.84,2.86
6.62E-05,1552622.991,0,0,2.942712385,1.65,4.84,2.86
6.43E-05,1552622.991,0,0,2.942694932,1.65,4.84,2.86
6.43E-05,1552622.991,0,0,2.942694932,1.65,4.84,2.86
6.45E-05,1552622.991,0,0,2.942712385,1.65,4.84,2.86
6.51E-05,1552622.991,0,0,2.942660025,1.65,4.84,2.86
6.64E-05,1552622.991,0,0,2.942660025,1.65,4.85,2.86
6.33E-05,1552622.991,0,0,2.942677479,1.65,4.85,2.86
6.60E-05,1552622.991,0,0,2.942660025,1.65,4.85,2.86
6.44E-05,1552622.992,0,0,2.942625119,1.65,4.85,2.86
6.44E-05,1552622.992,0,0,2.942590212,1.65,4.85,2.86
6.50E-05,1552622.992,0,0,2.942590212,1.65,4.84,2.86
6.47E-05,1552622.992,0,0,2.942555306,1.65,4.84,2.86
6.50E-05,1552622.992,0,0,2.942502946,1.65,4.84,2.86
6.69E-05,1552622.992,0,0,2.942485493,1.65,4.84,2.86
6.35E-05,1552622.992,0,0,2.942450586,1.65,4.84,2.86
6.37E-05,1552622.992,0,0,2.942450586,1.65,4.84,2.86
6.53E-05,1552622.992,0,0,2.942468039,1.65,4.85,2.86
6.40E-05,1552622.992,0,0,2.942450586,1.65,4.85,2.86
6.59E-05,1552622.992,0,0,2.942433133,1.65,4.84,2.86
6.59E-05,1552622.992,0,0,2.942398226,1.65,4.84,2.86
6.40E-05,1552622.992,0,0,2.942363319,1.65,4.84,2.86
6.54E-05,1552622.992,0.002435804,-0.000341174,2.942328413,1.65,4.85,2.86
9.00E-05,1552622.992,0.002638729,-0.000270068,2.94231096,1.65,4.85,2.86
6.36E-05,1552622.993,0.002846966,-0.000239794,2.942328413,1.65,4.85,2.86
6.60E-05,1552622.993,0.002713745,-0.000225942,2.942293506,1.65,4.85,2.86
6.43E-05,1552622.993,0.002294203,-0.000210863,2.942293506,1.65,4.85,2.86
6.52E-05,1552622.993,0.002243862,-0.000210656,2.9422586,1.65,4.84,2.86
6.50E-05,1552622.993,0.002737608,-0.000207128,2.942241146,1.65,4.84,2.86
6.68E-05,1552622.993,0.00268239,-0.000291098,2.941979347,1.65,4.84,2.86
6.38E-05,1552622.993,0.003044418,0.000212589,2.941735001,1.65,4.85,2.86
6.38E-05,1552622.993,0.003767645,0.000493319,2.941089229,1.65,4.84,2.86
6.71E-05,1552622.993,0.002057003,0.000638353,2.940548177,1.65,4.83,2.86
6.27E-05,1552622.993,0.001856915,-1.35E-05,2.940914696,1.65,4.85,2.87
6.92E-05,1552622.993,0.00124269,-0.000399321,2.940914696,1.65,4.85,2.87
6.09E-05,1552622.993,0.001563066,0.000192737,2.940914696,1.65,4.85,2.87
6.46E-05,1552622.993,0.00096037,-5.98E-05,2.941089229,1.65,4.85,2.87
6.49E-05,1552622.993,0.001407703,2.21E-05,2.941193949,1.65,4.85,2.87
6.48E-05,1552622.993,0.001274976,-9.98E-05,2.941298669,1.65,4.85,2.87
6.50E-05,1552622.994,0.000682835,-0.000502335,2.941368482,1.64,4.85,2.87
6.47E-05,1552622.994,0.000655333,4.16E-05,2.941001963,1.64,4.85,2.87
6.54E-05,1552622.994,0.000803466,-0.000653249,2.941193949,1.65,4.85,2.87
6.42E-05,1552622.994,0.000590904,0.00034258,2.940897243,1.65,4.85,2.87
6.75E-05,1552622.994,0.000418082,-0.000696976,2.941124136,1.65,4.85,2.87
6.25E-05,1552622.994,0.001547806,-0.000771623,2.941228855,1.65,4.85,2.87
6.51E-05,1552622.994,0.001353392,0.000459551,2.941089229,1.64,4.85,2.87
6.33E-05,1552622.994,0.001675815,-0.000629987,2.941211402,1.65,4.85,2.87
6.60E-05,1552622.994,0.000976426,-0.000284564,2.941246309,1.64,4.85,2.87
6.52E-05,1552622.994,0.000309084,-0.001421034,2.941281215,1.65,4.85,2.86
6.52E-05,1552622.994,0.001148244,7.76E-05,2.941577921,1.65,4.85,2.86
6.36E-05,1552622.994,0.001206848,-0.000607891,2.941961894,1.65,4.85,2.86
6.72E-05,1552622.994,0.002029915,-0.000819544,2.942223693,1.65,4.83,2.85
6.34E-05,1552622.994,0.000723195,0.000609023,2.943288344,1.65,4.82,2.82
6.55E-05,1552622.994,-0.000130475,-0.000840277,2.943515237,1.65,4.79,2.81
6.34E-05,1552622.994,0.000622698,-0.000293478,2.944649701,1.65,4.78,2.8
6.78E-05,1552622.995,0.0003549,-0.001130985,2.945679445,1.65,4.74,2.78
6.33E-05,1552622.995,0.000497847,-0.00087357,2.945941244,1.65,4.69,2.75
6.37E-05,1552622.995,0.000919853,-0.000158798,2.945784165,1.65,4.68,2.73
6.62E-05,1552622.995,-0.0005741,-0.001500077,2.94358505,1.65,4.72,2.76
6.40E-05,1552622.995,0.000742579,-0.001972014,2.943305797,1.65,4.78,2.82
6.62E-05,1552622.995,0.00018814,0.000701155,2.943270891,1.65,4.77,2.83
6.36E-05,1552622.995,0.001753422,0.000866839,2.942398226,1.64,4.81,2.85
6.51E-05,1552622.995,-0.000867918,0.000949157,2.940687803,1.64,4.81,2.86
6.84E-05,1552622.995,0.000797068,0.000395269,2.943270891,1.64,4.85,2.86
6.14E-05,1552622.995,0.001032498,-0.000562027,2.94342797,1.64,4.84,2.86
6.52E-05,1552622.995,0.002159828,-7.35E-05,2.948716318,1.65,4.8,2.78
6.38E-05,1552622.995,-0.000194582,-0.002363718,2.950548914,1.65,4.66,2.64
6.58E-05,1552622.995,0.000572257,-0.002502398,2.954859877,1.67,4.57,2.54
6.49E-05,1552622.995,0.000289748,-0.004154883,2.955191489,1.69,4.51,2.45
6.60E-05,1552622.995,-0.000905981,0.004437931,2.955069316,1.69,4.39,2.3
6.35E-05,1552622.996,0.001899305,0.004656404,2.956064154,1.69,4.32,2.27
6.57E-05,1552622.996,0.004694385,0.001191051,2.959746799,1.69,4.39,2.25
6.40E-05,1552622.996,0.004241426,0.012890162,2.966605943,1.7,4.42,2.2
6.58E-05,1552622.996,0.006059694,0.019989992,2.973185834,1.92,4.46,2.03
6.51E-05,1552622.996,0.002534594,0.024222696,2.978439275,2.15,4.46,1.97
6.47E-05,1552622.996,-0.005496311,0.02441502,2.979678459,2.49,4.46,2.03
6.44E-05,1552622.996,-0.009075245,0.015953506,2.979451566,2.88,4.46,2.05
6.71E-05,1552622.996,-0.009637312,0.016615637,2.978770888,3.7,4.46,2.05
6.24E-05,1552622.996,-0.009241302,0.017341223,2.978002943,3.88,4.46,2.02
6.47E-05,1552622.996,-0.008812955,0.017440603,2.978160022,3.93,3.3,1.98
6.58E-05,1552622.996,-0.00692177,0.017611231,2.979381753,4,3.05,1.91
6.48E-05,1552622.996,-0.002440186,0.010563684,2.982278999,4.31,2.79,1.89
6.48E-05,1552622.996,-0.001158536,0.007608871,2.984251222,4.55,2.75,1.9
6.50E-05,1552622.996,-0.031459312,0.054280758,3.124331347,4.66,2.71,1.81
7.02E-05,1552622.996,-0.103331039,0.189287552,3.137264237,4.74,2.72,1.63
6.38E-05,1552622.997,-0.198754974,0.208331985,-3.126111583,4.76,2.76,2.27
6.65E-05,1552622.997,-0.246322617,0.206330734,-3.102881251,4.57,2.78,2.65
6.46E-05,1552622.997,-0.243950653,0.226974045,-3.072879041,3.77,2.72,2.81
6.59E-05,1552622.997,-0.218533722,0.270120636,-3.03757103,4.58,2.55,2.85
6.31E-05,1552622.997,-0.181582382,0.313746826,-2.99776007,4.7,2.5,2.85
6.50E-05,1552622.997,-0.161871902,0.319612244,-2.953184361,4.71,2.44,2.82
6.58E-05,1552622.997,-0.105431633,0.279756927,-2.902709439,4.67,2.47,2.81
6.44E-05,1552622.997,-0.054085155,0.22933548,-2.879269667,4.67,2.47,2.57
6.47E-05,1552622.997,-0.134086563,0.174919495,-2.901958947,1.62,2.47,2.59
6.45E-05,1552622.997,-0.106522865,0.143377106,-2.930948866,1.57,2.47,2.63
6.58E-05,1552622.997,-0.015450814,0.110578033,-2.961247782,1.58,2.47,2.08
6.44E-05,1552622.997,0.002535166,0.157722076,-2.991407071,1.57,2.65,1.85
6.48E-05,1552622.997,-0.057210739,0.178434662,-3.018896007,2.97,2.71,2.31
6.50E-05,1552622.997,-0.094231499,0.162018021,-3.042789565,3.66,2.75,2.49
6.50E-05,1552622.997,-0.09446003,0.130857254,-3.06190092,3.86,2.84,2.56
6.55E-05,1552622.997,-0.076820641,0.081023369,-3.078376828,3.86,1.9,2.57
6.36E-05,1552622.998,-0.061569954,0.029276955,-3.092967781,2.86,1.93,2.56
6.53E-05,1552622.998,-0.029068707,-0.010619915,-3.104958193,2.91,2.3,2.55
6.52E-05,1552622.998,-0.006736662,-0.045803715,-3.115430168,3.92,2.69,2.55
6.52E-05,1552622.998,-0.055837147,-0.068433853,-3.123598309,4.12,3.23,2.54
6.34E-05,1552622.998,-0.015833956,-0.108021935,-3.130195654,4.59,3.31,2.54
6.75E-05,1552622.998,0.01280006,-0.133100922,-3.134646243,4.54,3.31,2.54
6.30E-05,1552622.998,0.016892647,-0.137457611,-3.138608141,4.57,3.31,2.54
6.61E-05,1552622.998,0.028759584,-0.141166809,-3.141453027,4.77,3.31,2.55
6.44E-05,1552622.998,0.029173557,-0.154672699,3.139410992,4.95,3.31,2.56
6.41E-05,1552622.998,0.036692993,-0.160698273,3.137578396,5,3.31,2.57
6.50E-05,1552622.998,0.029256189,-0.160867905,3.136688278,5.01,3.31,2.57
6.67E-05,1552622.998,0.036571964,-0.159390427,3.136409026,5.01,5.81,2.59
6.34E-05,1552622.998,0.041738617,-0.150713699,3.137054798,5.01,5.88,2.6
6.35E-05,1552622.998,0.02651561,-0.14006424,3.137037344,5.01,5.91,2.61
6.63E-05,1552622.998,0.022068937,-0.131337921,3.137299144,5.01,5.93,2.62
6.42E-05,1552622.999,0.017009247,-0.129897827,3.138049635,5.01,5.93,2.63
6.62E-05,1552622.999,0.011891402,-0.112290108,3.138014729,5,5.93,2.64
6.30E-05,1552622.999,0.010789783,-0.098801315,3.139480805,5,5.96,2.65
6.60E-05,1552622.999,0.006623531,-0.074943214,3.140178937,5,5.97,2.65
6.65E-05,1552622.999,0.008739887,-0.04201619,3.140615269,5,5.98,2.65
6.29E-05,1552622.999,0.008539632,-0.021927294,3.140754896,4.98,5.99,2.66
6.45E-05,1552622.999,0.00884128,-0.002371789,3.141069055,4.98,5.99,2.66
6.66E-05,1552622.999,0.014166724,0.006643714,3.140650176,4.98,5.97,2.66
6.38E-05,1552622.999,0.013194742,0.012759702,3.140021857,4.98,5.97,2.66
6.52E-05,1552622.999,0.01817091,0.004819466,3.140004404,4.96,5.52,2.66
6.34E-05,1552622.999,0.027075253,-0.000282018,3.139847324,4.95,5.37,2.66
6.68E-05,1552622.999,0.0274622,0.000786475,3.139376085,4.95,5.25,2.66
6.37E-05,1552622.999,0.030275389,-0.002191034,3.139184099,4.95,5.25,2.66
6.67E-05,1552622.999,0.03513554,-0.002115979,3.139061926,4.95,5.28,2.66
6.38E-05,1552622.999,0.033250004,-0.001635372,3.138520874,4.95,5.32,2.66
6.55E-05,1552623,0.033936218,-0.002065324,3.137718023,4.95,5.34,2.66
6.45E-05,1552623,0.031912891,-0.002431942,3.137997275,4.95,5.34,2.66
6.45E-05,1552623,0.024155752,-0.003923301,3.138992113,4.94,5.27,2.66
7.01E-05,1552623,0.02945719,0.002556489,3.139445899,4.94,5.17,2.66
5.87E-05,1552623,0.031454964,0.00505488,3.139131739,4.94,4.94,2.66
6.72E-05,1552623,0.036181965,0.002415467,3.138590687,4.93,2.91,2.66
6.34E-05,1552623,0.038888016,0.002140058,3.138677954,4.9,1.95,2.66
6.63E-05,1552623,0.033603313,0.002211673,3.139044473,4.88,1.79,2.65
6.46E-05,1552623,0.042477451,0.001831134,3.138468514,4.87,1.68,2.66
6.50E-05,1552623,0.040797459,0.003681575,3.138485968,4.85,1.54,2.66
6.38E-05,1552623,0.047347538,0.004552889,3.138049635,4.83,1.45,2.65
6.48E-05,1552623,0.049889462,0.008395111,3.138520874,4.82,1.43,2.65
6.63E-05,1552623,0.051352943,0.007114779,3.138014729,4.83,1.43,2.66
6.37E-05,1552623,0.049442257,0.00083503,3.137648209,4.82,1.43,2.65
6.53E-05,1552623,0.04703059,-0.0002928,3.137526036,4.82,1.44,2.65
6.39E-05,1552623,0.048211483,-0.001064108,3.137264237,4.82,1.44,2.65
6.54E-05,1552623.001,0.047463615,-0.002050627,3.138224168,4.83,1.45,2.65
6.46E-05,1552623.001,0.043361832,-0.00480139,3.140074217,4.84,1.44,2.65
6.69E-05,1552623.001,0.03866293,-0.001830278,3.14014403,4.85,1.46,2.65
6.30E-05,1552623.001,0.028939945,0.000301881,3.141226134,4.85,1.46,2.65
6.51E-05,1552623.001,0.023684217,0.009762963,-3.140423283,4.85,1.46,2.65
6.48E-05,1552623.001,0.015971086,0.017772831,-3.139760058,4.84,1.46,2.65
6.50E-05,1552623.001,0.009721886,0.019065109,-3.13881758,4.84,1.47,2.64
6.44E-05,1552623.001,0.005630682,0.016519512,-3.138101995,4.84,1.47,2.6
6.73E-05,1552623.001,0.001758441,0.022303362,-3.13759585,4.84,1.48,2.56
6.28E-05,1552623.001,0.00036899,0.02139286,-3.137421317,4.84,1.48,2.4
6.66E-05,1552623.001,0.001453117,0.022523191,-3.136129773,4.83,1.49,2.21
6.19E-05,1552623.001,-0.001383659,0.025389891,-3.132516941,4.77,1.5,1.83
6.62E-05,1552623.001,-0.000105121,0.014950767,-3.129916401,4.58,1.53,1.62
6.41E-05,1552623.001,0.015516548,0.000941726,-3.12598941,3.58,1.61,1.56
6.53E-05,1552623.001,0.031322666,-0.021388182,-3.120177464,3.24,1.8,1.64
6.44E-05,1552623.002,0.042695484,-0.052191303,-3.11591886,2.97,1.8,1.86
6.77E-05,1552623.002,0.051074181,-0.057436245,-3.110630513,3.97,1.58,2.02
6.22E-05,1552623.002,0.051172173,-0.044316029,-3.107262027,4.47,1.49,1.79
6.55E-05,1552623.002,0.0343601,-0.030967115,-3.107750719,4.7,1.5,1.64
6.55E-05,1552623.002,0.013226792,-0.010289969,-3.109513502,4.81,1.93,1.41
6.48E-05,1552623.002,-0.00259702,0.006973347,-3.112323482,4.81,3.33,1.34
6.50E-05,1552623.002,-0.010260399,0.018621002,-3.115395262,4.81,1.87,1.34
6.47E-05,1552623.002,-0.026142168,0.022638716,-3.118589214,4.81,1.71,0.92
6.39E-05,1552623.002,-0.023268953,0.01693409,-3.121311928,4.79,1.51,0.77
6.52E-05,1552623.002,-0.010231545,0.012325995,-3.122533658,4.79,1.47,0.81
6.50E-05,1552623.002,0.00671689,0.005559907,-3.120282183,4.79,1.47,0.93
6.51E-05,1552623.002,0.010992114,-0.001284398,-3.115307995,4.79,1.45,1.04
6.47E-05,1552623.002,0.01732181,-0.009236732,-3.107977612,4.78,1.45,2.22
6.56E-05,1552623.002,0.026158333,-0.032628315,-3.098884447,4.73,1.46,2.36
6.49E-05,1552623.002,0.037279842,-0.061255562,-3.086702049,4.7,1.48,2.51
6.66E-05,1552623.002,0.045979328,-0.08080555,-3.072826681,4.72,1.47,2.59
6.26E-05,1552623.003,0.054372707,-0.069223907,-3.055722454,4.79,1.48,2.62
6.46E-05,1552623.003,0.049326611,-0.049116146,-3.04032865,4.8,2.41,2.42
6.80E-05,1552623.003,0.038646622,-0.031999298,-3.027291041,4.81,2.49,2.44
6.22E-05,1552623.003,0.030715933,-0.012692979,-3.017569557,4.82,2.48,2.52
6.59E-05,1552623.003,-0.006244593,0.023104029,-3.010396254,4.84,2.48,2.62
6.56E-05,1552623.003,-0.033678879,0.043301003,-3.005963117,4.84,2.45,2.66
6.31E-05,1552623.003,-0.051955948,0.069368134,-3.005596598,4.85,2.44,2.67
6.49E-05,1552623.003,-0.069286072,0.082494751,-3.007359381,4.85,2.43,2.67
6.69E-05,1552623.003,-0.070060944,0.091269379,-3.008877817,4.85,2.43,2.66
6.31E-05,1552623.003,-0.059860001,0.090393501,-3.009837748,4.85,2.43,2.66
6.57E-05,1552623.003,-0.044595901,0.077385277,-3.007708447,4.85,1.53,2.65
6.46E-05,1552623.003,-0.02568401,0.058902699,-3.001337995,4.85,1.54,2.65
6.45E-05,1552623.003,-0.009404972,0.039016197,-2.992157563,4.84,1.54,2.65
6.41E-05,1552623.003,0.014156556,0.022084675,-2.980271871,4.83,1.59,2.65
6.53E-05,1552623.003,0.038097317,-0.002898324,-2.968281459,4.82,1.61,2.65
6.41E-05,1552623.004,0.05052037,-0.029500633,-2.95349852,4.82,1.6,2.65
6.69E-05,1552623.004,0.067393608,-0.046818993,-2.937773104,4.72,1.67,2.66
6.30E-05,1552623.004,0.082744232,-0.063138157,-2.919883479,4.72,1.63,2.66
6.59E-05,1552623.004,0.120641106,-0.06364399,-2.901208456,4.75,1.72,2.65
6.51E-05,1552623.004,0.11809935,-0.070768478,-2.883545724,4.88,1.84,2.64
6.45E-05,1552623.004,0.136202148,-0.0752649,-2.865708459,4.95,2.41,2.64
6.41E-05,1552623.004,0.140837585,-0.08858062,-2.847155609,4.98,2.39,2.65
6.61E-05,1552623.004,0.130607864,-0.08373539,-2.826997056,5.04,2.36,2.49
6.53E-05,1552623.004,0.116722122,-0.073964088,-2.807501728,5.06,2.39,2.26
6.40E-05,1552623.004,0.085022934,-0.058962612,-2.788983785,5.11,2.23,2.37
7.07E-05,1552623.004,0.046922211,-0.032456413,-2.770046962,5.15,2.2,2.3
5.89E-05,1552623.004,0.026899422,-0.009433829,-2.752680936,5.19,2.12,0.94
6.54E-05,1552623.004,0.014379259,0.008197706,-2.73536727,5.26,2.09,0.5
6.69E-05,1552623.004,0.003481338,0.014578397,-2.717460192,5.26,2.1,0.5
6.29E-05,1552623.004,0.002526484,0.019247942,-2.700094166,5.32,2.15,0.56
6.44E-05,1552623.004,-0.003239296,0.031773142,-2.684648002,5.33,2.23,0.59
6.50E-05,1552623.005,-0.006124593,0.030107107,-2.670179223,5.26,2.33,0.6
6.51E-05,1552623.005,-0.003356233,0.032529087,-2.657316146,5.13,2.35,0.61
6.41E-05,1552623.005,0.013769555,0.028495995,-2.645657347,4.92,2.25,0.62
6.52E-05,1552623.005,0.015989059,0.016775209,-2.635534437,4.84,2.22,0.62
6.72E-05,1552623.005,0.023079185,0.006276769,-2.625917673,4.76,2.25,0.62
6.39E-05,1552623.005,0.03197505,-0.004135972,-2.618255677,4.62,2.2,0.62
6.68E-05,1552623.005,0.034093529,-0.004973501,-2.61132672,4.57,2.21,0.63
6.19E-05,1552623.005,0.034956299,-0.012019554,-2.603507645,4.51,2.16,0.63
6.55E-05,1552623.005,0.035860264,-0.010301138,-2.593297469,4.48,2.22,0.63
6.42E-05,1552623.005,0.026151409,0.004697708,-2.580643832,4.41,2.15,0.64
6.49E-05,1552623.005,-0.006795455,0.043075912,-2.561864089,4.24,2.15,1.55
6.75E-05,1552623.005,-0.041843742,0.082107826,-2.541216844,4.19,2.16,1.61
6.31E-05,1552623.005,-0.065470978,0.120257523,-2.519888921,4,2.17,1.62
6.55E-05,1552623.005,-0.098538528,0.148232437,-2.497967585,3.04,2.27,1.56
6.33E-05,1552623.005,-0.113727005,0.163988449,-2.475278305,1.56,2.54,0.55
6.94E-05,1552623.006,-0.114847336,0.166594193,-2.448836567,1.31,2.54,0.53
6.12E-05,1552623.006,-0.021454426,0.082469398,-2.420352793,1.13,2.54,0.5
6.49E-05,1552623.006,0.074293976,-0.040470112,-2.389041587,0.99,2.54,0.48
6.46E-05,1552623.006,0.059189739,-0.042145107,-2.355915238,0.87,2.54,0.47
6.49E-05,1552623.006,0.037528774,-0.008309564,-2.320415241,0.87,6.09,0.51
6.56E-05,1552623.006,0.052787567,-0.033323692,-2.286678026,0.85,6.11,0.82
6.49E-05,1552623.006,0.0463787,-0.006299335,-2.252731372,0.85,4.86,1.01
6.72E-05,1552623.006,0.038378136,0.027644222,-2.219413037,2.89,1.65,1.03
6.18E-05,1552623.006,0.064069817,0.008927567,-2.188799962,2.9,1.56,1
6.56E-05,1552623.006,0.094305016,-0.05700449,-2.156633544,2.86,1.56,0.98
6.44E-05,1552623.006,0.090577103,-0.042489609,-2.124868551,2.82,1.56,0.96
6.64E-05,1552623.006,0.05865316,-0.02504007,-2.092248347,2.73,1.7,0.91
6.37E-05,1552623.006,0.044987946,-0.001915039,-2.061600366,2.69,4.38,0.89
6.60E-05,1552623.006,0.027531311,0.001456419,-2.030201893,2.65,5.2,0.87
6.51E-05,1552623.006,0.012963899,-0.019176882,-1.998628886,2.63,5.19,0.85
6.34E-05,1552623.007,0.004448055,-0.055144451,-1.96721296,2.57,5.07,0.83
6.40E-05,1552623.007,0.003249033,-0.067306915,-1.936163552,2.54,5.07,0.81
6.56E-05,1552623.007,0.000806662,-0.042762569,-1.904834892,2.51,5.04,0.8
6.67E-05,1552623.007,0.00852093,-0.003998444,-1.875164295,2.49,5.03,0.79
6.34E-05,1552623.007,0.024873554,0.015505166,-1.846348909,2.47,5.03,0.77
6.65E-05,1552623.007,0.024082525,0.000445895,-1.818510908,2.44,4.98,0.77
6.28E-05,1552623.007,0.02529863,0.005983827,-1.79048092,2.43,4.97,0.75
6.53E-05,1552623.007,0.023849895,0.012276261,-1.768507224,2.42,4.98,0.74
6.44E-05,1552623.007,0.026464804,0.01160331,-1.753061061,2.41,4.98,0.74
6.52E-05,1552623.007,0.032023415,-0.018305737,-1.744421681,2.4,4.98,0.73
6.53E-05,1552623.007,0.036390427,-0.003029186,-1.742920698,2.39,4.98,0.72
6.48E-05,1552623.007,0.034375267,-0.009694684,-1.74759818,2.39,4.99,0.71
6.75E-05,1552623.007,0.036094185,-0.044593544,-1.755993214,2.38,4.99,0.7
6.15E-05,1552623.007,0.032370136,-0.065120529,-1.772469122,2.38,5,0.69
6.56E-05,1552623.007,0.033952671,-0.050972023,-1.792348422,2.38,5.01,0.69
6.63E-05,1552623.007,0.029281218,-0.06158387,-1.816783032,2.37,5.03,0.68
6.37E-05,1552623.008,0.029829416,-0.069445107,-1.844114888,2.37,5.05,0.68
6.39E-05,1552623.008,0.021029898,0.020164316,-1.875478454,2.38,5.05,0.67
6.55E-05,1552623.008,0.000594354,0.123450005,-1.907609966,2.38,5.1,0.66
6.52E-05,1552623.008,-0.006441525,0.144467056,-1.942132578,2.39,5.15,0.66
6.53E-05,1552623.008,-0.018578451,0.142930679,-1.978732133,2.41,5.17,0.65
6.36E-05,1552623.008,-0.037816319,0.134711227,-2.016483605,2.43,5.2,0.65
6.54E-05,1552623.008,-0.038886883,0.109202126,-2.057079963,2.45,5.11,0.65
6.52E-05,1552623.008,-0.045196285,0.07418261,-2.102790136,2.47,5.07,0.65
6.76E-05,1552623.008,-0.053287937,0.034965286,-2.154958027,2.5,5.41,0.65
6.10E-05,1552623.008,-0.053572758,0.003063763,-2.212571346,2.53,5.41,0.66
6.67E-05,1552623.008,-0.072679512,-0.004395246,-2.276014064,2.63,4.34,0.68
6.50E-05,1552623.008,-0.093330666,-0.017777277,-2.345286182,2.71,4.12,0.71
6.43E-05,1552623.008,-0.119298187,0.007882369,-2.41890417,2.92,3.95,0.75
6.32E-05,1552623.008,-0.153513443,0.03389357,-2.497531253,3.08,6.17,0.79
6.53E-05,1552623.008,-0.129779572,0.011575659,-2.577746585,3.19,4.18,0.84
6.53E-05,1552623.009,-0.1070756,-0.021925636,-2.659061475,3.28,4.18,0.9
6.53E-05,1552623.009,-0.062719639,-0.054722855,-2.737671105,3.28,2.57,0.97
6.48E-05,1552623.009,-0.004970781,-0.080664497,-2.812790076,1.74,2.53,1.11
6.40E-05,1552623.009,0.066753586,-0.122660675,-2.878920601,3.66,2.55,0.79
6.54E-05,1552623.009,0.124053253,-0.151308395,-2.934596604,5.1,2.56,0.63
6.62E-05,1552623.009,0.036790958,-0.14065625,-2.980394044,5.26,2.56,0.63
6.30E-05,1552623.009,-0.033703472,-0.137183868,-3.017621917,5.38,2.56,0.46
6.55E-05,1552623.009,-0.032864471,-0.141647644,-3.04764158,5.37,1.9,0.45
6.61E-05,1552623.009,-0.022662729,-0.14835675,-3.071884203,5.33,1.84,0.45
6.39E-05,1552623.009,-0.007137484,-0.148431412,-3.090646493,5.29,1.85,0.45
6.57E-05,1552623.009,0.011949592,-0.144342529,-3.104504407,5.2,1.97,0.48
6.32E-05,1552623.009,0.029888588,-0.146258347,-3.114417877,5.2,2.46,0.49
6.87E-05,1552623.009,0.037682632,-0.12718679,-3.122498752,5.21,2.66,0.51
6.30E-05,1552623.009,0.045531471,-0.110466942,-3.127909272,5.21,2.84,0.51
6.35E-05,1552623.009,0.017916239,-0.087584663,-3.132482035,5.21,3.01,0.54
6.69E-05,1552623.009,-0.003459243,-0.070920517,-3.136304306,5.2,3.03,0.56
6.36E-05,1552623.01,-0.032702969,-0.035892441,-3.138503421,5.2,3,0.57
6.44E-05,1552623.01,-0.046498169,-0.039000622,3.141487934,5.2,2.96,0.57
6.72E-05,1552623.01,-0.048882458,-0.043961349,3.13759585,5.2,2.7,0.58
6.74E-05,1552623.01,-0.038173031,-0.042312702,3.133180167,5.19,1.75,0.57
6.20E-05,1552623.01,-0.02121019,-0.060275749,3.129829134,4.07,1.71,0.57
6.36E-05,1552623.01,-0.01728722,-0.053348942,3.126949341,3.1,1.85,0.58
6.64E-05,1552623.01,0.00928688,-0.079165726,3.126425742,2.22,2.18,0.58
6.23E-05,1552623.01,0.02425651,-0.095095901,3.12583233,2.27,2.05,0.59
6.62E-05,1552623.01,0.032523857,-0.096329224,3.129113549,3.84,1.81,0.61
6.39E-05,1552623.01,0.03259935,-0.087862312,3.135536361,4.74,1.68,0.62
6.55E-05,1552623.01,0.024585365,-0.074321594,-3.138136902,5.03,2.18,0.63
6.47E-05,1552623.01,0.000968198,-0.048173553,-3.12450588,5.14,2.58,0.64
6.42E-05,1552623.01,-0.033433865,-0.012272354,-3.106651162,5.23,2.62,0.66
6.69E-05,1552623.01,-0.057831367,0.029483295,-3.0875049,5.26,2.59,0.66
6.40E-05,1552623.01,-0.097577469,0.070824867,-3.066892562,5.29,2.57,1.58
6.38E-05,1552623.011,-0.095578522,0.102934288,-3.0477463,5.37,2.84,1.08
6.52E-05,1552623.011,-0.114260048,0.135248993,-3.02893165,5.4,2.96,0.67
6.57E-05,1552623.011,-0.094253845,0.149582687,-3.013153874,5.38,2.96,0.49
6.42E-05,1552623.011,-0.058376736,0.122445908,-2.999069067,2.19,2.96,0.51
6.59E-05,1552623.011,-0.027710407,0.090517448,-2.98774188,1.89,3.88,0.5
6.36E-05,1552623.011,0.005200456,0.06591935,-2.976763759,1.65,3.88,0.49
6.60E-05,1552623.011,0.037583454,0.029970392,-2.968141833,1.47,3.88,0.49
6.69E-05,1552623.011,0.062628159,0.007890078,-2.96335963,1.42,3.88,0.48
6.24E-05,1552623.011,0.082063721,-0.015425179,-2.962888391,1.34,3.88,0.47
6.76E-05,1552623.011,0.097242584,-0.030936413,-2.962609139,1.31,3.88,0.47
6.26E-05,1552623.011,0.111462494,-0.042514332,-2.966099797,1.32,3.88,0.48
6.43E-05,1552623.011,0.113573273,-0.051320396,-2.973185834,1.35,3.88,0.49
6.68E-05,1552623.011,0.111788185,-0.048734116,-2.984076689,1.38,3.88,0.49
6.32E-05,1552623.011,0.103110016,-0.044041672,-2.998178949,1.45,3.88,0.52
6.47E-05,1552623.011,0.079075821,-0.032881878,-3.01753465,1.42,3.88,0.61
6.48E-05,1552623.012,0.049748627,-0.025424841,-3.03757103,1.51,3.88,1.49
6.60E-05,1552623.012,0.014009383,-0.023284245,-3.058584794,1.61,3.88,1.58
6.42E-05,1552623.012,-0.006436833,-0.021122509,-3.076928205,1.75,3.88,1.75
6.73E-05,1552623.012,-0.022274809,0.00302648,-3.092531448,1.79,3.88,1.78
6.18E-05,1552623.012,-0.039686546,0.036987766,-3.105132726,1.81,3.88,1.29
6.50E-05,1552623.012,-0.05527198,0.072361778,-3.115168369,1.75,3.19,1.1
6.55E-05,1552623.012,-0.079474228,0.104767242,-3.124593147,1.75,3.06,0.56
6.40E-05,1552623.012,-0.105339111,0.127783119,-3.133756125,1.75,3.02,0.41
6.50E-05,1552623.012,-0.111200798,0.136903809,-3.140964335,1.75,3,0.4
6.76E-05,1552623.012,-0.114238235,0.128319763,3.135763254,1.75,3,0.39
6.32E-05,1552623.012,-0.107682419,0.118550674,3.131033412,4.99,3.78,0.39
6.41E-05,1552623.012,-0.070329964,0.088739143,3.126111583,5.09,6.19,0.43
6.67E-05,1552623.012,-0.038125309,0.049237385,3.121242115,4.94,6.55,0.44
6.42E-05,1552623.012,0.004727153,-0.002118389,3.117384937,4.83,6.55,0.45
6.43E-05,1552623.012,0.046268681,-0.056193363,3.114138624,4.8,6.55,0.43
6.83E-05,1552623.012,0.091559273,-0.097583778,3.112986707,4.85,6.8,0.39
6.46E-05,1552623.013,0.116990181,-0.123924858,3.11310888,4.94,4.22,0.38
6.08E-05,1552623.013,0.14566362,-0.129009048,3.113649932,5.14,3.32,0.37
6.76E-05,1552623.013,0.148014084,-0.120152977,3.117140591,5.21,3.19,0.45
6.48E-05,1552623.013,0.128421219,-0.095313942,3.122917631,5.21,3.01,0.53
6.22E-05,1552623.013,0.096770065,-0.062288605,3.132569301,1.62,3.04,0.54
6.68E-05,1552623.013,0.044341282,-0.030483364,-3.13743877,1.62,3.06,0.56
6.50E-05,1552623.013,-0.006481245,-0.003749261,-3.122271859,1.84,3.06,0.58
6.47E-05,1552623.013,-0.043851204,0.021359646,-3.107209667,2.2,3.06,0.62
6.32E-05,1552623.013,-0.053283325,0.034965988,-3.092863061,1.99,3.06,0.65
6.55E-05,1552623.013,-0.068268646,0.039755405,-3.079249493,1.82,3.06,1.46
6.63E-05,1552623.013,-0.060194145,0.034550777,-3.067189268,1.82,3.06,1.61
6.64E-05,1552623.013,-0.057597733,0.022186817,-3.058288088,1.58,3.06,1.67
6.69E-05,1552623.013,-0.052578545,0.007269121,-3.052371422,4.87,3.06,1.67
5.97E-05,1552623.013,-0.045551884,-0.014736801,-3.04902039,5.09,3.06,1.65
6.68E-05,1552623.013,-0.027467585,-0.039461246,-3.046140597,5.35,3.06,1.62
6.35E-05,1552623.014,-0.007192034,-0.054982281,-3.042318326,5.32,3.06,1.57
6.46E-05,1552623.014,0.001294941,-0.065296577,-3.037187058,5.32,3.06,1.52
6.79E-05,1552623.014,0.002078384,-0.063822327,-3.026802349,5.32,3.06,1.46
6.69E-05,1552623.014,-0.001472735,-0.048571548,-3.013747286,1.44,3.06,1.32
6.06E-05,1552623.014,-0.023536234,-0.023010517,-2.993501467,1.4,3.06,0.61
6.55E-05,1552623.014,-0.044764362,0.006830059,-2.970585293,1.23,3.06,0.5
6.56E-05,1552623.014,-0.064596687,0.04053701,-2.944387901,1.14,3.06,0.51
6.25E-05,1552623.014,-0.083322868,0.068988037,-2.917632004,1.1,3.06,0.5
6.55E-05,1552623.014,-0.111235489,0.094178864,-2.889078417,1.05,3.06,0.5
6.44E-05,1552623.014,-0.128107834,0.11046637,-2.859704526,0.9,2.56,0.74
6.51E-05,1552623.014,-0.119301857,0.112484482,-2.83099386,0.9,2.65,0.96
6.50E-05,1552623.014,-0.085127357,0.10172583,-2.802492633,1.09,2.73,1
7.28E-05,1552623.014,-0.052997967,0.074038895,-2.774654632,1.09,2.73,0.99
5.86E-05,1552623.014,-0.022215038,0.051037514,-2.746031232,1.07,2.73,0.92
6.33E-05,1552623.014,0.002813279,0.020765985,-2.715662503,1.06,2.73,0.88
6.54E-05,1552623.014,0.018359095,-0.006586817,-2.683373912,1.06,2.73,0.86
6.56E-05,1552623.015,0.03391172,-0.028310373,-2.647175783,1.06,2.73,0.83
6.47E-05,1552623.015,0.04056464,-0.04327422,-2.605933653,0.61,2.73,0.77
6.49E-05,1552623.015,0.033411388,-0.038559917,-2.557430953,0.63,2.73,0.75
6.75E-05,1552623.015,0.017070183,-0.023139889,-2.501929483,2.76,2.73,0.74
6.10E-05,1552623.015,-0.009121094,0.007192293,-2.440301907,2.76,2.15,0.7
6.48E-05,1552623.015,-0.042857075,0.051225922,-2.375393112,2.77,2.04,0.69
6.42E-05,1552623.015,-0.04709903,0.089267899,-2.313591003,2.7,2.04,0.63
6.54E-05,1552623.015,-0.04935487,0.120652237,-2.252766279,2.66,2.04,0.6
6.74E-05,1552623.015,-0.038567974,0.147373962,-2.194245389,2.58,5.39,0.57
6.29E-05,1552623.015,-0.011172729,0.14712471,-2.137400015,2.54,5.06,0.54
6.42E-05,1552623.015,0.021507626,0.133503387,-2.082107984,2.47,4.85,0.48
6.60E-05,1552623.015,0.040914783,0.117898758,-2.027688618,0.92,4.34,0.46
6.55E-05,1552623.015,0.065193291,0.101885651,-1.976428298,0.65,5.1,0.44
6.40E-05,1552623.015,0.086718529,0.074835388,-1.925674124,0.5,5.13,0.42
6.59E-05,1552623.015,0.113219643,0.042584549,-1.877887009,0.37,1.9,0.4
0.000106664,1552623.016,0.136183319,0.010727169,-1.832578261,0.35,1.9,0.39
2.61E-05,1552623.016,0.138962585,0.032511909,-1.791179051,0.33,1.75,0.39
6.09E-05,1552623.016,0.149389862,0.044446918,-1.762660371,0.35,1.81,0.38
6.47E-05,1552623.016,0.146246658,0.054960857,-1.752083676,0.36,2.31,0.37
6.58E-05,1552623.016,0.125742889,0.055272652,-1.750041641,0.35,2.14,0.36
6.48E-05,1552623.016,0.058722553,0.015806083,-1.751612437,0.3,1.8,0.35
6.53E-05,1552623.016,0.04292926,0.008227087,-1.752205849,0.3,1.8,0.34
6.35E-05,1552623.016,0.003622194,0.00822781,-1.749413322,0.3,1.84,0.33
6.47E-05,1552623.016,-0.000937124,-0.00535737,-1.742466912,0.3,1.59,0.33
6.55E-05,1552623.016,-0.021889013,-0.025262392,-1.730668486,0.3,1.55,0.33
6.58E-05,1552623.016,-0.032537598,-0.026121113,-1.703301724,0.3,3.3,0.33
6.50E-05,1552623.016,-0.037022507,-0.010003131,-1.667260675,0.31,5.38,0.34
6.33E-05,1552623.016,-0.032263077,0.004807838,-1.636368347,0.32,5.5,0.36
6.50E-05,1552623.016,-0.032646702,0.001157343,-1.614691357,0.33,5.62,0.39
6.57E-05,1552623.016,-0.048904457,-0.014588623,-1.598861221,0.31,5.71,0.4
6.50E-05,1552623.017,-0.041649303,-0.038266521,-1.574566238,0.3,5.75,0.42
6.44E-05,1552623.017,-0.0480327,-0.086762314,-1.533777893,0.3,5.87,0.42
6.53E-05,1552623.017,-0.055604511,-0.163303635,-1.478974555,0.3,5.74,0.51
6.75E-05,1552623.017,-0.063930771,-0.221695145,-1.450106809,0.3,3.85,0.6
6.24E-05,1552623.017,-0.116813896,-0.416312683,-1.458414576,0.3,3.58,0.7
6.44E-05,1552623.017,-0.207701736,-0.90674231,-1.46691433,0.3,2.43,0.88
6.58E-05,1552623.017,-0.316060608,-1.482051514,-1.491924898,0.3,2.12,1.08
6.84E-05,1552623.017,-0.400843597,-2.19951416,-1.531892938,0.3,1.96,1.19
6.14E-05,1552623.017,-0.425236084,-3.003029053,-1.587010436,0.3,1.87,1.22
6.48E-05,1552623.017,0,0,-1.657015592,0.3,1.74,1.22
6.46E-05,1552623.017,0,0,-1.726514603,0.3,1.72,1.21
6.57E-05,1552623.017,0,0,-1.81592782,0.3,1.72,1.2
6.37E-05,1552623.017,0,0,-1.899529091,0.3,1.49,1.21
6.55E-05,1552623.017,0,0,-1.932184202,0.3,1,1.26
6.40E-05,1552623.017,0,0,-1.937943788,0.3,0.91,1.32
6.54E-05,1552623.017,0,0,-1.946513355,0.3,0.89,1.28
6.61E-05,1552623.018,0,0,-1.946251555,0.3,0.93,1.23
6.35E-05,1552623.018,0,0,-1.920106523,0.3,1.71,1.18
6.43E-05,1552623.018,0,0,-1.881272947,0.3,1.7,1.17
6.49E-05,1552623.018,,,,,,